--
-- PostgreSQL database dump
--

\restrict UbGISaUySIZUeTgCRJreG1AEdX1GtgDvbAcRvekrBZEhLK6CibGIEKkjjQN5qLr

-- Dumped from database version 16.10 (Ubuntu 16.10-0ubuntu0.24.04.1)
-- Dumped by pg_dump version 16.10 (Ubuntu 16.10-0ubuntu0.24.04.1)

SET statement_timeout = 0;
SET lock_timeout = 0;
SET idle_in_transaction_session_timeout = 0;
SET client_encoding = 'UTF8';
SET standard_conforming_strings = on;
SELECT pg_catalog.set_config('search_path', '', false);
SET check_function_bodies = false;
SET xmloption = content;
SET client_min_messages = warning;
SET row_security = off;

SET default_tablespace = '';

SET default_table_access_method = heap;

--
-- Name: appointments; Type: TABLE; Schema: public; Owner: User
--

CREATE TABLE public.appointments (
    id bigint NOT NULL,
    created_at timestamp with time zone,
    updated_at timestamp with time zone,
    deleted_at timestamp with time zone,
    client_name text NOT NULL,
    calendar_id bigint NOT NULL,
    service_id bigint NOT NULL,
    start_time timestamp with time zone NOT NULL,
    duration bigint NOT NULL,
    description text,
    user_id bigint NOT NULL,
    client_phonenumber text,
    reminder_sent boolean DEFAULT false
);


ALTER TABLE public.appointments OWNER TO "User";

--
-- Name: appointments_id_seq; Type: SEQUENCE; Schema: public; Owner: User
--

CREATE SEQUENCE public.appointments_id_seq
    START WITH 1
    INCREMENT BY 1
    NO MINVALUE
    NO MAXVALUE
    CACHE 1;


ALTER SEQUENCE public.appointments_id_seq OWNER TO "User";

--
-- Name: appointments_id_seq; Type: SEQUENCE OWNED BY; Schema: public; Owner: User
--

ALTER SEQUENCE public.appointments_id_seq OWNED BY public.appointments.id;


--
-- Name: calendars; Type: TABLE; Schema: public; Owner: User
--

CREATE TABLE public.calendars (
    id bigint NOT NULL,
    created_at timestamp with time zone,
    updated_at timestamp with time zone,
    deleted_at timestamp with time zone,
    user_id bigint NOT NULL
);


ALTER TABLE public.calendars OWNER TO "User";

--
-- Name: calendars_id_seq; Type: SEQUENCE; Schema: public; Owner: User
--

CREATE SEQUENCE public.calendars_id_seq
    START WITH 1
    INCREMENT BY 1
    NO MINVALUE
    NO MAXVALUE
    CACHE 1;


ALTER SEQUENCE public.calendars_id_seq OWNER TO "User";

--
-- Name: calendars_id_seq; Type: SEQUENCE OWNED BY; Schema: public; Owner: User
--

ALTER SEQUENCE public.calendars_id_seq OWNED BY public.calendars.id;


--
-- Name: closing_dates; Type: TABLE; Schema: public; Owner: User
--

CREATE TABLE public.closing_dates (
    id bigint NOT NULL,
    created_at timestamp with time zone,
    updated_at timestamp with time zone,
    deleted_at timestamp with time zone,
    organization_id bigint NOT NULL,
    user_id bigint,
    date timestamp with time zone NOT NULL,
    description text
);


ALTER TABLE public.closing_dates OWNER TO "User";

--
-- Name: closing_dates_id_seq; Type: SEQUENCE; Schema: public; Owner: User
--

CREATE SEQUENCE public.closing_dates_id_seq
    START WITH 1
    INCREMENT BY 1
    NO MINVALUE
    NO MAXVALUE
    CACHE 1;


ALTER SEQUENCE public.closing_dates_id_seq OWNER TO "User";

--
-- Name: closing_dates_id_seq; Type: SEQUENCE OWNED BY; Schema: public; Owner: User
--

ALTER SEQUENCE public.closing_dates_id_seq OWNED BY public.closing_dates.id;


--
-- Name: invites; Type: TABLE; Schema: public; Owner: User
--

CREATE TABLE public.invites (
    id bigint NOT NULL,
    created_at timestamp with time zone,
    updated_at timestamp with time zone,
    deleted_at timestamp with time zone,
    token text NOT NULL,
    role text NOT NULL,
    organization_id bigint,
    used boolean DEFAULT false,
    receiver_email text
);


ALTER TABLE public.invites OWNER TO "User";

--
-- Name: invites_id_seq; Type: SEQUENCE; Schema: public; Owner: User
--

CREATE SEQUENCE public.invites_id_seq
    START WITH 1
    INCREMENT BY 1
    NO MINVALUE
    NO MAXVALUE
    CACHE 1;


ALTER SEQUENCE public.invites_id_seq OWNER TO "User";

--
-- Name: invites_id_seq; Type: SEQUENCE OWNED BY; Schema: public; Owner: User
--

ALTER SEQUENCE public.invites_id_seq OWNED BY public.invites.id;


--
-- Name: organizations; Type: TABLE; Schema: public; Owner: User
--

CREATE TABLE public.organizations (
    id bigint NOT NULL,
    created_at timestamp with time zone,
    updated_at timestamp with time zone,
    deleted_at timestamp with time zone,
    name text NOT NULL,
    description text,
    opening_hour text,
    closing_hour text,
    address text,
    phone_number text
);


ALTER TABLE public.organizations OWNER TO "User";

--
-- Name: organizations_id_seq; Type: SEQUENCE; Schema: public; Owner: User
--

CREATE SEQUENCE public.organizations_id_seq
    START WITH 1
    INCREMENT BY 1
    NO MINVALUE
    NO MAXVALUE
    CACHE 1;


ALTER SEQUENCE public.organizations_id_seq OWNER TO "User";

--
-- Name: organizations_id_seq; Type: SEQUENCE OWNED BY; Schema: public; Owner: User
--

ALTER SEQUENCE public.organizations_id_seq OWNED BY public.organizations.id;


--
-- Name: services; Type: TABLE; Schema: public; Owner: User
--

CREATE TABLE public.services (
    id bigint NOT NULL,
    created_at timestamp with time zone,
    updated_at timestamp with time zone,
    deleted_at timestamp with time zone,
    organization_id bigint NOT NULL,
    name text NOT NULL,
    description text,
    price numeric NOT NULL
);


ALTER TABLE public.services OWNER TO "User";

--
-- Name: services_id_seq; Type: SEQUENCE; Schema: public; Owner: User
--

CREATE SEQUENCE public.services_id_seq
    START WITH 1
    INCREMENT BY 1
    NO MINVALUE
    NO MAXVALUE
    CACHE 1;


ALTER SEQUENCE public.services_id_seq OWNER TO "User";

--
-- Name: services_id_seq; Type: SEQUENCE OWNED BY; Schema: public; Owner: User
--

ALTER SEQUENCE public.services_id_seq OWNED BY public.services.id;


--
-- Name: users; Type: TABLE; Schema: public; Owner: User
--

CREATE TABLE public.users (
    id bigint NOT NULL,
    created_at timestamp with time zone,
    updated_at timestamp with time zone,
    deleted_at timestamp with time zone,
    clerk_id text,
    organization_id bigint,
    first_name text NOT NULL,
    last_name text NOT NULL,
    email text NOT NULL,
    role text
);


ALTER TABLE public.users OWNER TO "User";

--
-- Name: users_id_seq; Type: SEQUENCE; Schema: public; Owner: User
--

CREATE SEQUENCE public.users_id_seq
    START WITH 1
    INCREMENT BY 1
    NO MINVALUE
    NO MAXVALUE
    CACHE 1;


ALTER SEQUENCE public.users_id_seq OWNER TO "User";

--
-- Name: users_id_seq; Type: SEQUENCE OWNED BY; Schema: public; Owner: User
--

ALTER SEQUENCE public.users_id_seq OWNED BY public.users.id;


--
-- Name: working_hours; Type: TABLE; Schema: public; Owner: User
--

CREATE TABLE public.working_hours (
    id bigint NOT NULL,
    created_at timestamp with time zone,
    updated_at timestamp with time zone,
    deleted_at timestamp with time zone,
    organization_id bigint NOT NULL,
    day_of_week bigint NOT NULL,
    opening_hour text NOT NULL,
    closing_hour text NOT NULL
);


ALTER TABLE public.working_hours OWNER TO "User";

--
-- Name: working_hours_id_seq; Type: SEQUENCE; Schema: public; Owner: User
--

CREATE SEQUENCE public.working_hours_id_seq
    START WITH 1
    INCREMENT BY 1
    NO MINVALUE
    NO MAXVALUE
    CACHE 1;


ALTER SEQUENCE public.working_hours_id_seq OWNER TO "User";

--
-- Name: working_hours_id_seq; Type: SEQUENCE OWNED BY; Schema: public; Owner: User
--

ALTER SEQUENCE public.working_hours_id_seq OWNED BY public.working_hours.id;


--
-- Name: appointments id; Type: DEFAULT; Schema: public; Owner: User
--

ALTER TABLE ONLY public.appointments ALTER COLUMN id SET DEFAULT nextval('public.appointments_id_seq'::regclass);


--
-- Name: calendars id; Type: DEFAULT; Schema: public; Owner: User
--

ALTER TABLE ONLY public.calendars ALTER COLUMN id SET DEFAULT nextval('public.calendars_id_seq'::regclass);


--
-- Name: closing_dates id; Type: DEFAULT; Schema: public; Owner: User
--

ALTER TABLE ONLY public.closing_dates ALTER COLUMN id SET DEFAULT nextval('public.closing_dates_id_seq'::regclass);


--
-- Name: invites id; Type: DEFAULT; Schema: public; Owner: User
--

ALTER TABLE ONLY public.invites ALTER COLUMN id SET DEFAULT nextval('public.invites_id_seq'::regclass);


--
-- Name: organizations id; Type: DEFAULT; Schema: public; Owner: User
--

ALTER TABLE ONLY public.organizations ALTER COLUMN id SET DEFAULT nextval('public.organizations_id_seq'::regclass);


--
-- Name: services id; Type: DEFAULT; Schema: public; Owner: User
--

ALTER TABLE ONLY public.services ALTER COLUMN id SET DEFAULT nextval('public.services_id_seq'::regclass);


--
-- Name: users id; Type: DEFAULT; Schema: public; Owner: User
--

ALTER TABLE ONLY public.users ALTER COLUMN id SET DEFAULT nextval('public.users_id_seq'::regclass);


--
-- Name: working_hours id; Type: DEFAULT; Schema: public; Owner: User
--

ALTER TABLE ONLY public.working_hours ALTER COLUMN id SET DEFAULT nextval('public.working_hours_id_seq'::regclass);


--
-- Data for Name: appointments; Type: TABLE DATA; Schema: public; Owner: User
--

COPY public.appointments (id, created_at, updated_at, deleted_at, client_name, calendar_id, service_id, start_time, duration, description, user_id, client_phonenumber, reminder_sent) FROM stdin;
65	2025-02-02 21:29:48.6993+00	2025-02-02 21:29:48.6993+00	\N	Stefan	7	6	2025-02-26 14:00:00+00	60	asasdas	9	\N	f
66	2025-02-02 21:45:45.906293+00	2025-02-02 21:45:45.906293+00	\N	test 12	7	6	2025-02-27 10:00:00+00	10	test	9	\N	f
67	2025-02-02 21:46:29.442871+00	2025-02-02 21:46:29.442871+00	\N	test 12:10	7	6	2025-02-27 10:10:00+00	20	test	9	\N	f
68	2025-02-03 09:45:07.943368+00	2025-02-03 09:45:07.943368+00	\N	test	7	6	2025-02-28 10:00:00+00	30	test	9	\N	f
69	2025-02-03 09:52:13.379351+00	2025-02-03 09:52:13.379351+00	\N	Stefan	7	6	2025-02-21 12:00:00+00	60	asdasdasd	9	\N	f
70	2025-02-03 09:56:21.843707+00	2025-02-03 09:56:21.843707+00	\N	Stefan	7	5	2025-03-26 12:00:00+00	45	desc	9	\N	f
71	2025-02-03 09:56:47.073281+00	2025-02-03 09:56:47.073281+00	\N	Stefan	7	5	2025-03-26 12:45:00+00	30	desc	9	\N	f
72	2025-02-03 09:57:40.331815+00	2025-02-03 09:57:40.331815+00	\N	Haircut + Shave	7	6	2025-02-21 13:00:00+00	60	asdasdas	9	\N	f
73	2025-02-03 10:09:36.012649+00	2025-02-03 10:09:36.012649+00	\N	Stefan	7	6	2025-02-19 12:00:00+00	60	asdasdasd	9	\N	f
74	2025-02-03 11:36:52.374543+00	2025-02-03 11:36:52.374543+00	\N	Kamen Kanev	7	4	2025-02-07 12:00:00+00	30	Nqmam	9	\N	f
75	2025-02-04 09:02:35.807931+00	2025-02-04 09:02:35.807931+00	\N	Kamen Kanev	7	5	2025-02-13 14:00:00+00	30	Test book	9	\N	f
76	2025-02-04 14:26:12.95123+00	2025-02-04 14:26:12.95123+00	\N	Stefan	7	6	2025-02-07 12:30:00+00	60	asdas	9	\N	f
77	2025-02-04 14:34:33.631813+00	2025-02-04 14:34:33.631813+00	\N	Stefan	7	6	2025-02-28 11:30:00+00	60	Hahahah	9	\N	f
78	2025-02-04 17:15:11.323157+00	2025-02-04 17:15:11.323157+00	\N	Savi	7	4	2025-03-13 11:00:00+00	31	31	9	\N	f
79	2025-02-04 17:20:00.115126+00	2025-02-04 17:20:00.115126+00	\N	Savi	7	5	2025-03-14 10:00:00+00	31	31	9	\N	f
86	2025-02-25 10:10:16.661155+00	2025-02-25 10:10:16.661155+00	2025-02-25 18:12:48.79356+00	Georgi	12	10	2025-02-25 10:30:00+00	50		14	\N	f
80	2025-02-04 21:11:49.68349+00	2025-02-04 21:11:49.68349+00	2025-02-05 10:20:27.512629+00	Savi	7	6	2025-02-13 13:00:00+00	2	shave\n	9	\N	f
81	2025-02-04 21:12:31.15202+00	2025-02-04 21:12:31.15202+00	2025-02-05 16:50:54.150151+00	Savi	7	6	2025-02-13 11:00:00+00	120	test book	9	\N	f
82	2025-02-06 06:27:26.84749+00	2025-02-06 06:27:26.84749+00	\N	Stefan	7	5	2025-02-27 13:30:00+00	30	асдасда	9	\N	f
93	2025-02-25 19:34:34.959469+00	2025-02-25 19:34:34.959469+00	\N	Reda 	13	11	2025-03-01 13:20:00+00	40		15	\N	f
85	2025-02-24 14:05:24.992635+00	2025-02-24 14:05:24.992635+00	\N	Kamen 	9	11	2025-02-25 08:00:00+00	40	test	11	\N	f
107	2025-02-27 07:51:21.074471+00	2025-02-27 07:51:21.074471+00	2025-02-27 07:51:36.787768+00	ElevateX	12	12	2025-02-27 08:00:00+00	20	Phone number by elevatex, please ignore.	14	+359999997441	f
87	2025-02-25 10:56:32.256354+00	2025-02-25 10:56:32.256354+00	\N	Georgi Zhelev	13	13	2025-02-25 11:00:00+00	60		15	\N	f
88	2025-02-25 11:18:04.820793+00	2025-02-25 11:18:04.820793+00	\N	burhan	13	13	2025-02-25 12:00:00+00	60		15	\N	f
89	2025-02-25 11:19:10.979003+00	2025-02-25 11:19:10.979003+00	\N	Georgi	13	13	2025-02-26 13:00:00+00	60		15	\N	f
94	2025-02-25 21:08:05.358533+00	2025-02-25 21:08:05.358533+00	\N	defne	13	12	2025-02-26 11:00:00+00	20		15	\N	f
90	2025-02-25 11:25:53.019676+00	2025-02-25 11:25:53.019676+00	2025-02-25 11:28:07.868281+00	Hdsjjs	12	13	2025-02-26 08:00:00+00	1	Hduckd	14	\N	f
91	2025-02-25 13:47:51.4792+00	2025-02-25 13:47:51.4792+00	\N	burhan	13	11	2025-03-01 12:00:00+00	40		15	\N	f
92	2025-02-25 15:37:26.233407+00	2025-02-25 15:37:26.233407+00	2025-02-25 15:38:57.519042+00	Georgi Zhelev	15	13	2025-02-25 17:00:00+00	60	Как си	17	\N	f
95	2025-02-25 22:46:44.494081+00	2025-02-25 22:46:44.494081+00	\N	Joelson Pinto	13	11	2025-02-28 16:00:00+00	40		15	\N	f
96	2025-02-26 09:48:24.107617+00	2025-02-26 09:48:24.107617+00	\N	Кристиян	15	11	2025-02-26 11:20:00+00	40		17	\N	f
97	2025-02-26 11:26:53.136115+00	2025-02-26 11:26:53.136115+00	\N	Vasil Eftimov	13	11	2025-02-28 14:40:00+00	40		15	\N	f
98	2025-02-26 11:31:46.125229+00	2025-02-26 11:31:46.125229+00	\N	Burhan 	13	13	2025-02-27 10:00:00+00	60		15	\N	f
99	2025-02-26 11:57:58.549498+00	2025-02-26 11:57:58.549498+00	\N	Reda 	13	11	2025-03-02 13:20:00+00	40		15	\N	f
100	2025-02-26 13:33:32.299022+00	2025-02-26 13:33:32.299022+00	\N	Ali Husein	15	10	2025-02-27 11:20:00+00	50	брат 13.00 нямаше 1.20	17	\N	f
101	2025-02-26 18:34:20.586706+00	2025-02-26 18:34:20.586706+00	\N	Живко	13	10	2025-02-27 11:00:00+00	50		15	\N	f
102	2025-02-26 19:53:10.371827+00	2025-02-26 19:53:10.371827+00	\N	Radoslav	13	11	2025-03-01 09:20:00+00	40		15	\N	f
103	2025-02-26 21:53:02.357376+00	2025-02-26 21:53:02.357376+00	\N	Ангел	13	11	2025-05-23 12:40:00+00	40	It will be buzz cut and its for my graduation 	15	\N	f
105	2025-02-26 21:56:56.117151+00	2025-02-26 21:56:56.117151+00	2025-02-27 06:02:53.467801+00	test	12	10	2025-02-27 13:00:00+00	50	test	14	\N	f
106	2025-02-27 07:21:19.508223+00	2025-02-27 07:21:19.508223+00	\N	Alkin 	13	11	2025-02-27 11:50:00+00	40		15	\N	f
114	2025-02-28 15:37:44.523079+00	2025-02-28 15:37:44.523079+00	\N	Joro	15	11	2025-02-28 16:00:00+00	40		17	0892368234	f
108	2025-02-27 08:36:50.498469+00	2025-02-27 08:36:50.498469+00	\N	Nikolay Kirilov 	13	10	2025-02-27 12:30:00+00	50		15	0878378994	f
109	2025-02-27 10:15:19.642681+00	2025-02-27 10:15:19.642681+00	\N	Nikolay Kirilov 	12	10	2025-02-27 10:30:00+00	50		14	0878378994	f
110	2025-02-27 11:33:51.526296+00	2025-02-27 11:33:51.526296+00	\N	Александър Борисов	13	10	2025-02-28 16:40:00+00	50		15	0898511066	f
111	2025-02-27 18:14:08.266232+00	2025-02-27 18:14:08.266232+00	\N	Vinit Singh	13	10	2025-02-28 12:10:00+00	50		15	0791479276	f
104	2025-02-26 21:56:40.242555+00	2025-02-26 21:56:40.242555+00	2025-02-27 18:17:19.830452+00	test	13	10	2025-02-28 08:50:00+00	50	test	15	\N	f
112	2025-02-27 21:58:14.084695+00	2025-02-27 21:58:14.084695+00	\N	Даниел Холманский	14	10	2025-03-07 08:50:00+00	50		16	0899595689	f
113	2025-02-28 12:52:35.691348+00	2025-02-28 12:52:35.691348+00	\N	Калоян 	13	11	2025-03-04 12:40:00+00	40		15	+359884848791	f
115	2025-02-28 19:38:34.352061+00	2025-02-28 19:38:34.352061+00	\N	Станислав Андреев	13	13	2025-03-07 14:00:00+00	60		15	0893648709	f
116	2025-03-01 09:35:15.10339+00	2025-03-01 09:35:15.10339+00	\N	Gokhan	13	10	2025-03-02 10:30:00+00	50		15	+359876004485	f
117	2025-03-01 13:45:43.085437+00	2025-03-01 13:45:43.085437+00	\N	Rumen	13	11	2025-03-01 16:00:00+00	40		15	0882547421	f
118	2025-03-01 13:46:18.026943+00	2025-03-01 13:46:18.026943+00	\N	Nikola Timnev	13	11	2025-03-01 16:40:00+00	40		15	+359894979828	f
119	2025-03-01 17:18:58.80314+00	2025-03-01 17:18:58.80314+00	\N	Ivaylo	13	11	2025-03-08 17:20:00+00	40		15	0893697333	f
120	2025-03-02 09:37:35.850447+00	2025-03-02 09:37:35.850447+00	\N	Martin	13	10	2025-03-06 08:50:00+00	50		15	0892767610	f
121	2025-03-03 09:54:37.233291+00	2025-03-03 09:54:37.233291+00	\N	Hristo	13	10	2025-03-04 08:00:00+00	50		15	0897677048	f
122	2025-03-04 11:44:06.576503+00	2025-03-04 11:44:06.576503+00	\N	Иван	15	11	2025-03-06 12:00:00+00	40	Провадииците са най-добри в това да бъдат барбъри и ти си доказателство	17	+359988206282	f
123	2025-03-04 12:40:11.210369+00	2025-03-04 12:40:11.210369+00	\N	Zvezdelin Venkov	13	11	2025-03-05 11:20:00+00	40		15	+359884535866	f
124	2025-03-04 14:48:51.967801+00	2025-03-04 14:48:51.967801+00	\N	Georgi	13	11	2025-03-07 12:40:00+00	40		15	+359882297777	f
125	2025-03-04 17:54:02.951033+00	2025-03-04 17:54:02.951033+00	\N	Nikolay	13	11	2025-03-05 12:40:00+00	40		15	0893874440	f
126	2025-03-05 13:20:30.716342+00	2025-03-05 13:20:30.716342+00	\N	Andrian	13	11	2025-03-07 10:00:00+00	40		15	0886601612	f
127	2025-03-05 14:38:15.768827+00	2025-03-05 14:38:15.768827+00	\N	Димо Ганчев	13	10	2025-03-07 08:00:00+00	50	Пробвам да видя дали ше има час 🤣🤣🤣	15	0894370474	f
128	2025-03-05 14:41:07.869557+00	2025-03-05 14:41:07.869557+00	\N	Даниел Холманский	14	10	2025-03-06 08:00:00+00	50		16	0899595689	f
129	2025-03-05 16:22:38.090543+00	2025-03-05 16:22:38.090543+00	\N	Кристиян	15	11	2025-03-07 11:20:00+00	40		17	0898362143	f
130	2025-03-05 18:48:38.287036+00	2025-03-05 18:48:38.287036+00	\N	Burhan Pir	13	13	2025-03-06 09:40:00+00	60		15	0879555459	f
131	2025-03-05 18:48:51.959227+00	2025-03-05 18:48:51.959227+00	\N	Burhan Pir	13	13	2025-03-06 10:40:00+00	60		15	0879555459	f
132	2025-03-05 18:49:05.758034+00	2025-03-05 18:49:05.758034+00	\N	Burhan Pir	13	13	2025-03-06 11:40:00+00	60		15	0879555459	f
133	2025-03-05 18:49:18.196046+00	2025-03-05 18:49:18.196046+00	\N	Burhan Pir	13	13	2025-03-06 12:40:00+00	60		15	0879555459	f
134	2025-03-05 18:49:30.248173+00	2025-03-05 18:49:30.248173+00	\N	Burhan Pir	13	13	2025-03-06 13:40:00+00	60		15	0879555459	f
135	2025-03-05 18:49:45.372026+00	2025-03-05 18:49:45.372026+00	\N	Burhan Pir	13	13	2025-03-06 14:40:00+00	60		15	0879555459	f
136	2025-03-05 18:50:00.649469+00	2025-03-05 18:50:00.649469+00	\N	Burhan Pir	13	13	2025-03-06 15:40:00+00	60		15	0879555459	f
137	2025-03-05 18:50:12.054501+00	2025-03-05 18:50:12.054501+00	\N	Burhan Pir	13	13	2025-03-06 16:40:00+00	60		15	0879555459	f
138	2025-03-05 18:50:23.047834+00	2025-03-05 18:50:23.047834+00	\N	Burhan Pir	13	13	2025-03-07 08:50:00+00	60		15	0879555459	f
139	2025-03-05 18:50:36.434774+00	2025-03-05 18:50:36.434774+00	\N	Jdjdj	13	13	2025-03-07 10:40:00+00	60		15	0879555459	f
140	2025-03-05 18:50:48.250631+00	2025-03-05 18:50:48.250631+00	\N	Burhan Pir	13	13	2025-03-07 11:40:00+00	60		15	0879555459	f
141	2025-03-05 18:50:58.320518+00	2025-03-05 18:50:58.320518+00	\N	Burhan Pir	13	13	2025-03-07 15:00:00+00	60		15	0879555459	f
142	2025-03-05 18:51:13.24773+00	2025-03-05 18:51:13.24773+00	\N	Burhan Pir	13	13	2025-03-07 16:00:00+00	60		15	0879555459	f
143	2025-03-05 18:51:24.80681+00	2025-03-05 18:51:24.80681+00	\N	Burhan Pir	13	13	2025-03-07 17:00:00+00	60		15	0879555459	f
144	2025-03-05 18:51:38.368918+00	2025-03-05 18:51:38.368918+00	\N	Burhan Pir	13	13	2025-03-08 08:00:00+00	60		15	0879555459	f
145	2025-03-05 18:51:49.444729+00	2025-03-05 18:51:49.444729+00	\N	Burhan Pir	13	13	2025-03-08 09:00:00+00	60		15	0879555459	f
146	2025-03-05 18:52:01.968967+00	2025-03-05 18:52:01.968967+00	\N	Burhan Pir	13	13	2025-03-08 10:00:00+00	60		15	0879555459	f
147	2025-03-05 18:52:13.163785+00	2025-03-05 18:52:13.163785+00	\N	Burhan Pir	13	13	2025-03-08 11:00:00+00	60		15	0879555459	f
148	2025-03-05 18:52:28.175511+00	2025-03-05 18:52:28.175511+00	\N	Burhan Pir	13	13	2025-03-08 12:00:00+00	60		15	0879555459	f
149	2025-03-05 18:52:38.485475+00	2025-03-05 18:52:38.485475+00	\N	Burhan Pir	13	13	2025-03-08 13:00:00+00	60		15	0879555459	f
150	2025-03-05 18:52:52.446651+00	2025-03-05 18:52:52.446651+00	\N	Burhan Pir	13	13	2025-03-08 14:00:00+00	60		15	0879555459	f
151	2025-03-05 18:53:06.130307+00	2025-03-05 18:53:06.130307+00	\N	Burhan Pir	13	13	2025-03-08 15:00:00+00	60		15	0879555459	f
152	2025-03-05 18:53:21.266539+00	2025-03-05 18:53:21.266539+00	\N	Burhan Pir	13	13	2025-03-08 16:00:00+00	60		15	0879555459	f
153	2025-03-06 06:36:25.271039+00	2025-03-06 06:36:25.271039+00	\N	Nikolay Kirilov 	13	10	2025-03-06 08:00:00+00	50		15	0878378994	f
154	2025-03-06 19:59:14.205586+00	2025-03-06 19:59:14.205586+00	\N	Александър Великов 	13	11	2025-03-09 14:00:00+00	40		15	0894876976	f
155	2025-03-07 08:55:51.122205+00	2025-03-07 08:55:51.122205+00	\N	Georgi Georgiev	13	11	2025-03-16 09:20:00+00	40		15	0896813163	f
156	2025-03-07 09:55:00.939478+00	2025-03-07 09:55:00.939478+00	\N	Tanju	12	11	2025-03-07 10:40:00+00	40		14	0897043779	f
157	2025-03-07 19:56:19.490835+00	2025-03-07 19:56:19.490835+00	\N	Don Miguel	13	10	2025-03-11 08:00:00+00	50		15	+359123456789	f
1310	2025-11-01 10:29:31.218855+00	2025-11-01 10:29:31.218855+00	\N	Vlad Vasalatyy	20	12	2025-11-01 16:20:00+00	20		22	0882416677	f
159	2025-03-08 21:13:32.134612+00	2025-03-08 21:13:32.134612+00	\N	Ivaylo	13	11	2025-03-12 08:00:00+00	40		15	0893697333	f
160	2025-03-09 02:04:35.322464+00	2025-03-09 02:04:35.322464+00	\N	Strahil Vetrenski	13	13	2025-03-09 08:00:00+00	60		15	0889207542	f
161	2025-03-09 07:27:37.765184+00	2025-03-09 07:27:37.765184+00	\N	Ilian Dimov	13	10	2025-03-11 14:40:00+00	50		15	0885833885	f
162	2025-03-09 07:35:28.789098+00	2025-03-09 07:35:28.789098+00	\N	Божидар 	15	10	2025-03-09 08:50:00+00	50		17	0897442747	f
163	2025-03-09 10:14:35.445119+00	2025-03-09 10:14:35.445119+00	\N	Edgar Bagdatyan	12	11	2025-03-09 14:00:00+00	40		14	0879080003	f
164	2025-03-09 12:38:00.257163+00	2025-03-09 12:38:00.257163+00	\N	Веселин 	13	10	2025-03-09 17:10:00+00	50		15	0893991666	f
165	2025-03-09 13:08:36.605462+00	2025-03-09 13:08:36.605462+00	\N	Vasil	13	11	2025-03-13 17:20:00+00	40		15	0890345400	f
166	2025-03-10 05:39:47.212129+00	2025-03-10 05:39:47.212129+00	\N	Rostislav	13	11	2025-03-11 12:10:00+00	40		15	0882940677	f
167	2025-03-10 23:38:01.435346+00	2025-03-10 23:38:01.435346+00	\N	Leon Jackel	13	11	2025-03-13 10:40:00+00	40	Real phone number is +491749068869\n	15	+359174906886	f
168	2025-03-11 08:48:31.077391+00	2025-03-11 08:48:31.077391+00	\N	Emre	13	11	2025-03-13 08:00:00+00	40		15	+359897070962	f
169	2025-03-11 09:15:01.469419+00	2025-03-11 09:15:01.469419+00	\N	Oktay Mustafa	13	11	2025-03-11 13:30:00+00	40		15	+359894436595	f
170	2025-03-12 07:30:37.48462+00	2025-03-12 07:30:37.48462+00	\N	Burhan Pir	13	13	2025-03-12 08:40:00+00	60		15	0879555459	f
171	2025-03-12 07:30:48.769887+00	2025-03-12 07:30:48.769887+00	\N	Burhan Pir	13	13	2025-03-12 09:40:00+00	60		15	0879555459	f
172	2025-03-12 07:31:01.281303+00	2025-03-12 07:31:01.281303+00	\N	Burhan Pir	13	13	2025-03-12 10:40:00+00	60		15	0879555459	f
173	2025-03-12 07:31:12.330553+00	2025-03-12 07:31:12.330553+00	\N	Burhan Pir	13	13	2025-03-12 11:40:00+00	60		15	0879555459	f
174	2025-03-12 07:31:23.951143+00	2025-03-12 07:31:23.951143+00	\N	Burhan Pir	13	13	2025-03-12 12:40:00+00	60		15	0879555459	f
175	2025-03-12 07:31:37.670462+00	2025-03-12 07:31:37.670462+00	\N	Burhan Pir	13	13	2025-03-12 13:40:00+00	60		15	0879555459	f
176	2025-03-12 07:31:49.832968+00	2025-03-12 07:31:49.832968+00	\N	Burhan Pir	13	13	2025-03-12 14:40:00+00	60		15	0879555459	f
177	2025-03-12 07:32:02.215971+00	2025-03-12 07:32:02.215971+00	\N	Burhan Pir	13	13	2025-03-12 15:40:00+00	60		15	0879555459	f
178	2025-03-12 07:32:17.123998+00	2025-03-12 07:32:17.123998+00	\N	Burhan Pir	13	13	2025-03-12 16:40:00+00	60		15	0879555459	f
179	2025-03-12 18:54:55.080539+00	2025-03-12 18:54:55.080539+00	\N	Burhan Pir	13	13	2025-03-13 08:40:00+00	60		15	0879555459	f
158	2025-03-08 12:31:27.949152+00	2025-03-08 12:31:27.949152+00	2025-03-15 00:15:08.383854+00	Ivan Daskalov	13	11	2025-03-15 08:00:00+00	40		15	0878899200	f
180	2025-03-12 18:55:05.699688+00	2025-03-12 18:55:05.699688+00	\N	Burhan Pir	13	13	2025-03-13 09:40:00+00	60		15	0879555459	f
181	2025-03-12 18:55:17.495105+00	2025-03-12 18:55:17.495105+00	\N	Burhan Pir	13	13	2025-03-13 11:20:00+00	60		15	0879555459	f
182	2025-03-12 18:55:28.195089+00	2025-03-12 18:55:28.195089+00	\N	Burhan Pir	13	13	2025-03-13 12:20:00+00	60		15	0879555459	f
183	2025-03-12 18:55:38.778756+00	2025-03-12 18:55:38.778756+00	\N	Burhan Pir	13	13	2025-03-13 13:20:00+00	60		15	0879555459	f
184	2025-03-12 18:55:50.029196+00	2025-03-12 18:55:50.029196+00	\N	Burhan Pir	13	13	2025-03-13 14:20:00+00	60		15	0879555459	f
185	2025-03-12 18:56:03.08634+00	2025-03-12 18:56:03.08634+00	\N	Burhan Pir	13	13	2025-03-13 15:20:00+00	60		15	0879555459	f
186	2025-03-12 18:56:13.437862+00	2025-03-12 18:56:13.437862+00	\N	Burhan Pir	13	13	2025-03-13 16:20:00+00	60		15	0879555459	f
187	2025-03-12 18:56:24.209128+00	2025-03-12 18:56:24.209128+00	\N	Burhan Pir	13	13	2025-03-14 08:00:00+00	60		15	0879555459	f
188	2025-03-12 18:56:33.271914+00	2025-03-12 18:56:33.271914+00	\N	Burhan Pir	13	13	2025-03-14 09:00:00+00	60		15	0879555459	f
189	2025-03-12 18:56:43.097545+00	2025-03-12 18:56:43.097545+00	\N	Burhan Pir	13	13	2025-03-14 10:00:00+00	60		15	0879555459	f
190	2025-03-12 18:56:56.120463+00	2025-03-12 18:56:56.120463+00	\N	Burhan Pir	13	13	2025-03-14 11:00:00+00	60		15	0879555459	f
191	2025-03-12 18:57:05.022201+00	2025-03-12 18:57:05.022201+00	\N	Burhan Pir	13	13	2025-03-14 12:00:00+00	60		15	0879555459	f
192	2025-03-12 18:57:15.022604+00	2025-03-12 18:57:15.022604+00	\N	Burhan Pir	13	13	2025-03-14 13:00:00+00	60		15	0879555459	f
193	2025-03-12 18:57:25.501868+00	2025-03-12 18:57:25.501868+00	\N	Burhan Pir	13	13	2025-03-14 14:00:00+00	60		15	0879555459	f
194	2025-03-12 18:57:35.678993+00	2025-03-12 18:57:35.678993+00	\N	Burhan Pir	13	13	2025-03-14 15:00:00+00	60		15	0879555459	f
195	2025-03-12 18:57:46.909476+00	2025-03-12 18:57:46.909476+00	\N	Burhan Pir	13	13	2025-03-14 16:00:00+00	60		15	0879555459	f
196	2025-03-12 18:57:56.061615+00	2025-03-12 18:57:56.061615+00	\N	Burhan Pir	13	13	2025-03-14 17:00:00+00	60		15	0879555459	f
218	2025-03-16 06:17:00.15712+00	2025-03-16 06:17:00.15712+00	\N	Valeri	13	11	2025-03-16 08:40:00+00	40		15	0899816551	f
199	2025-03-12 18:58:24.903062+00	2025-03-12 18:58:24.903062+00	\N	Burhan Pir	13	13	2025-03-15 10:40:00+00	60		15	0879555459	f
200	2025-03-12 18:58:35.09643+00	2025-03-12 18:58:35.09643+00	\N	Burhan Pir	13	13	2025-03-15 11:40:00+00	60		15	0879555459	f
201	2025-03-12 18:58:45.396192+00	2025-03-12 18:58:45.396192+00	\N	Burhan Pir	13	13	2025-03-15 12:40:00+00	60		15	0879555459	f
202	2025-03-12 18:58:58.627416+00	2025-03-12 18:58:58.627416+00	\N	Burhan Pir	13	13	2025-03-15 13:40:00+00	60		15	0879555459	f
203	2025-03-12 18:59:09.056521+00	2025-03-12 18:59:09.056521+00	\N	Burhan Pir	13	13	2025-03-15 14:40:00+00	60		15	0879555459	f
204	2025-03-12 18:59:18.89842+00	2025-03-12 18:59:18.89842+00	\N	Burhan Pir	13	13	2025-03-15 15:40:00+00	60		15	0879555459	f
205	2025-03-12 18:59:27.862918+00	2025-03-12 18:59:27.862918+00	\N	Burhan Pir	13	13	2025-03-15 16:40:00+00	60		15	0879555459	f
206	2025-03-12 18:59:48.869492+00	2025-03-12 18:59:48.869492+00	\N	Burhan Pir	13	13	2025-03-16 11:00:00+00	60		15	0879555459	f
207	2025-03-13 07:47:53.458527+00	2025-03-13 07:47:53.458527+00	\N	Ivaylo	13	11	2025-03-20 08:00:00+00	40		15	0893697333	f
208	2025-03-13 09:23:44.681117+00	2025-03-13 09:23:44.681117+00	\N	Алан	13	11	2025-03-18 13:20:00+00	40		15	+359892922019	f
209	2025-03-13 09:27:27.514088+00	2025-03-13 09:27:27.514088+00	\N	Петър	12	11	2025-03-18 13:20:00+00	40		14	0889964227	f
210	2025-03-13 11:36:27.489861+00	2025-03-13 11:36:27.489861+00	\N	Радостин Иванов	13	10	2025-03-19 08:50:00+00	50		15	0883499967	f
211	2025-03-14 20:43:56.640146+00	2025-03-14 20:43:56.640146+00	\N	Michele Oliverio	13	10	2025-03-18 08:00:00+00	50		15	+359121313333	f
197	2025-03-12 18:58:06.304338+00	2025-03-12 18:58:06.304338+00	2025-03-15 00:15:14.621527+00	Burhan Pir	13	13	2025-03-15 08:40:00+00	60		15	0879555459	f
198	2025-03-12 18:58:15.614109+00	2025-03-12 18:58:15.614109+00	2025-03-15 00:15:16.937628+00	Burhan Pir	13	13	2025-03-15 09:40:00+00	60		15	0879555459	f
212	2025-03-15 09:12:54.352824+00	2025-03-15 09:12:54.352824+00	\N	Georgi Zhelev	14	11	2025-03-15 10:40:00+00	40		16	0894440302	f
213	2025-03-15 09:42:32.258863+00	2025-03-15 09:42:32.258863+00	\N	Deyan	14	13	2025-03-15 15:20:00+00	60		16	+359878616556	f
214	2025-03-15 12:25:50.430042+00	2025-03-15 12:25:50.430042+00	\N	Konstantin	13	11	2025-03-16 12:00:00+00	40		15	0889228953	f
215	2025-03-15 16:30:19.741448+00	2025-03-15 16:30:19.741448+00	\N	Martin	13	10	2025-03-20 09:30:00+00	50		15	0892767610	f
216	2025-03-15 17:32:37.3319+00	2025-03-15 17:32:37.3319+00	\N	Zvezdelin Venkov	13	11	2025-03-21 12:40:00+00	40		15	+359884535866	f
217	2025-03-15 18:03:28.007268+00	2025-03-15 18:03:28.007268+00	\N	Heorhii Barysov	13	11	2025-03-16 10:00:00+00	40	Short fade haircut 	15	0660242122	f
219	2025-03-16 12:16:03.392804+00	2025-03-16 12:16:03.392804+00	\N	Ивелин Йорданов	13	11	2025-03-16 12:40:00+00	40		15	0894305891	f
220	2025-03-16 12:55:21.87917+00	2025-03-16 12:55:21.87917+00	\N	Тихомир Стефанов	13	11	2025-03-16 14:00:00+00	40		15	0884528222	f
221	2025-03-16 16:43:58.727811+00	2025-03-16 16:43:58.727811+00	\N	Кристиян	15	11	2025-03-18 11:20:00+00	40		17	0898362143	f
222	2025-03-16 21:43:43.907364+00	2025-03-16 21:43:43.907364+00	\N	Vinit Singh	13	10	2025-03-18 12:10:00+00	50		15	0791479276	f
223	2025-03-17 06:19:15.330233+00	2025-03-17 06:19:15.330233+00	\N	Taras 	15	12	2025-03-18 13:00:00+00	20		17	0882972200	f
224	2025-03-17 06:20:48.453561+00	2025-03-17 06:20:48.453561+00	\N	Yaroslav 	14	11	2025-03-18 13:20:00+00	40		16	0882972200	f
225	2025-03-17 06:22:02.053002+00	2025-03-17 06:22:02.053002+00	\N	Svyatoslav 	15	11	2025-03-18 13:20:00+00	40		17	0882972200	f
226	2025-03-17 11:05:28.5379+00	2025-03-17 11:05:28.5379+00	\N	Мартин Тончев	13	11	2025-05-25 08:40:00+00	40		15	+359877644406	f
227	2025-03-17 18:12:48.804482+00	2025-03-17 18:12:48.804482+00	\N	Burhan Pir	13	13	2025-03-18 08:50:00+00	60		15	0879555459	f
228	2025-03-17 18:13:00.062407+00	2025-03-17 18:13:00.062407+00	\N	Burhan Pir	13	13	2025-03-18 09:50:00+00	60		15	0879555459	f
229	2025-03-17 18:13:10.93674+00	2025-03-17 18:13:10.93674+00	\N	Burhan Pir	13	13	2025-03-18 10:50:00+00	60		15	0879555459	f
230	2025-03-17 18:13:22.608153+00	2025-03-17 18:13:22.608153+00	\N	Burhan Pir	13	13	2025-03-18 14:00:00+00	60		15	0879555459	f
231	2025-03-17 18:13:33.128891+00	2025-03-17 18:13:33.128891+00	\N	Burhan Pir	13	13	2025-03-18 15:00:00+00	60		15	0879555459	f
232	2025-03-17 18:13:43.052818+00	2025-03-17 18:13:43.052818+00	\N	Burhan Pir	13	13	2025-03-18 16:00:00+00	60		15	0879555459	f
233	2025-03-17 18:13:53.423896+00	2025-03-17 18:13:53.423896+00	\N	Burhan Pir	13	13	2025-03-18 17:00:00+00	60		15	0879555459	f
234	2025-03-17 18:14:08.715621+00	2025-03-17 18:14:08.715621+00	\N	Gshsgshv	13	13	2025-03-19 09:40:00+00	60		15	0879555459	f
235	2025-03-17 18:14:24.138304+00	2025-03-17 18:14:24.138304+00	\N	Burhan Pir	13	13	2025-03-19 10:40:00+00	60		15	0879555459	f
236	2025-03-17 18:14:34.259954+00	2025-03-17 18:14:34.259954+00	\N	Burhan Pir	13	13	2025-03-19 11:40:00+00	60		15	0879555459	f
237	2025-03-17 18:14:42.940921+00	2025-03-17 18:14:42.940921+00	\N	Burhan Pir	13	13	2025-03-19 12:40:00+00	60		15	0879555459	f
238	2025-03-17 18:14:54.572679+00	2025-03-17 18:14:54.572679+00	\N	Burhan Pir	13	13	2025-03-19 13:40:00+00	60		15	0879555459	f
239	2025-03-17 18:15:03.772465+00	2025-03-17 18:15:03.772465+00	\N	Burhan Pir	13	13	2025-03-19 14:40:00+00	60		15	0879555459	f
240	2025-03-17 18:15:12.442981+00	2025-03-17 18:15:12.442981+00	\N	Burhan Pir	13	13	2025-03-19 15:40:00+00	60		15	0879555459	f
241	2025-03-17 18:15:23.615062+00	2025-03-17 18:15:23.615062+00	\N	Burhan Pir	13	13	2025-03-19 16:40:00+00	60		15	0879555459	f
242	2025-03-17 19:57:55.409056+00	2025-03-17 19:57:55.409056+00	\N	Emre	13	11	2025-03-19 08:00:00+00	40		15	0897070962	f
243	2025-03-18 03:42:06.499744+00	2025-03-18 03:42:06.499744+00	\N	Hamoude	13	10	2025-03-20 14:30:00+00	50		15	+359898329288	f
244	2025-03-18 06:59:02.504215+00	2025-03-18 06:59:02.504215+00	\N	Alexander Kusminov	12	10	2025-03-18 08:50:00+00	50		14	+359898496449	f
245	2025-03-18 18:28:20.62204+00	2025-03-18 18:28:20.62204+00	\N	Борислав Димитров	13	11	2025-03-21 13:20:00+00	40		15	+359877554605	f
246	2025-03-18 18:32:33.062454+00	2025-03-18 18:32:33.062454+00	\N	Виктор 	13	11	2025-03-21 14:00:00+00	40		15	0899590415	f
247	2025-03-18 20:22:31.096379+00	2025-03-18 20:22:31.096379+00	\N	Simon	13	11	2025-03-25 08:40:00+00	40		15	+359882490798	f
248	2025-03-19 08:15:59.914618+00	2025-03-19 08:15:59.914618+00	\N	Георги	14	12	2025-03-19 10:00:00+00	20		16	0879272053	f
249	2025-03-19 13:42:30.263015+00	2025-03-19 13:42:30.263015+00	\N	Kristiyan Dzhenkov	13	10	2025-03-21 14:40:00+00	50		15	0885868898	f
250	2025-03-19 18:56:07.017979+00	2025-03-19 18:56:07.017979+00	\N	Burhan Pir	13	13	2025-03-21 08:00:00+00	60		15	0879555459	f
251	2025-03-19 18:56:19.803645+00	2025-03-19 18:56:19.803645+00	\N	Burhan Pir	13	13	2025-03-21 09:00:00+00	60		15	0879555459	f
252	2025-03-19 18:56:29.883313+00	2025-03-19 18:56:29.883313+00	\N	Burhan Pir	13	13	2025-03-21 10:00:00+00	60		15	0879555459	f
253	2025-03-19 18:56:41.660324+00	2025-03-19 18:56:41.660324+00	\N	Burhan Pir	13	13	2025-03-21 11:00:00+00	60		15	0879555459	f
254	2025-03-19 18:56:51.41838+00	2025-03-19 18:56:51.41838+00	\N	Burhan Pir	13	13	2025-03-21 15:30:00+00	60		15	0879555459	f
255	2025-03-19 18:57:02.467615+00	2025-03-19 18:57:02.467615+00	\N	Burhan Pir	13	13	2025-03-21 16:30:00+00	60		15	0879555459	f
256	2025-03-20 08:04:26.461417+00	2025-03-20 08:04:26.461417+00	\N	Stivan	13	10	2025-03-20 11:10:00+00	50		15	0878378994	f
1311	2025-11-01 10:31:41.889185+00	2025-11-01 10:31:41.889185+00	\N	Bogdan Nrkrasov	21	12	2025-11-01 16:40:00+00	20		23	0882416677	f
273	2025-03-23 20:07:55.341889+00	2025-03-23 20:07:55.341889+00	\N	Денислав василев 	14	13	2025-05-15 10:00:00+00	60		16	0898491482	f
257	2025-03-20 08:07:28.232388+00	2025-03-20 08:07:28.232388+00	2025-03-20 08:20:21.2083+00	Nikolay	13	10	2025-03-20 10:20:00+00	50		15	0888152888	f
258	2025-03-20 09:30:33.496733+00	2025-03-20 09:30:33.496733+00	\N	Serhii Stepantsov	14	11	2025-03-21 10:00:00+00	40		16	+359879955057	f
259	2025-03-20 14:31:26.174142+00	2025-03-20 14:31:26.174142+00	\N	Евтим	15	11	2025-03-21 14:00:00+00	40		17	0886601246	f
260	2025-03-20 17:14:31.459923+00	2025-03-20 17:14:31.459923+00	\N	Georgi 	13	11	2025-03-22 10:40:00+00	40		15	0886131059	f
262	2025-03-21 06:24:37.683365+00	2025-03-21 06:24:37.683365+00	\N	Ilian Dimov	13	10	2025-03-25 14:20:00+00	50		15	0885833885	f
261	2025-03-21 06:23:01.557672+00	2025-03-21 06:23:01.557672+00	2025-03-21 08:04:49.359377+00	Ilian Dimov	13	10	2025-03-23 14:40:00+00	50		15	0885833885	f
263	2025-03-21 14:27:17.175622+00	2025-03-21 14:27:17.175622+00	\N	Deniz Barbaros selik	13	11	2025-03-22 11:20:00+00	40		15	0882846241	f
264	2025-03-21 16:20:38.119177+00	2025-03-21 16:20:38.119177+00	\N	Sezer	13	10	2025-03-22 08:50:00+00	50		15	+359886922038	f
265	2025-03-21 16:29:08.103572+00	2025-03-21 16:29:08.103572+00	\N	Recep	13	10	2025-03-22 09:40:00+00	50		15	0894436472	f
266	2025-03-22 10:40:47.87052+00	2025-03-22 10:40:47.87052+00	\N	Nikita	13	11	2025-03-22 12:00:00+00	40		15	0851837912	f
267	2025-03-22 11:20:03.035685+00	2025-03-22 11:20:03.035685+00	\N	Michele Oliverio	13	10	2025-03-25 11:50:00+00	50		15	+359151548888	f
269	2025-03-22 18:41:05.517292+00	2025-03-22 18:41:05.517292+00	\N	Веселин 	13	10	2025-03-23 12:10:00+00	50		15	0893991666	f
270	2025-03-22 22:30:54.750337+00	2025-03-22 22:30:54.750337+00	\N	Stefan Petrov	13	10	2025-03-25 09:20:00+00	50		15	0897852112	f
271	2025-03-23 07:11:26.447098+00	2025-03-23 07:11:26.447098+00	\N	Владимир	12	10	2025-03-23 08:00:00+00	50		14	0886990994	f
272	2025-03-23 09:08:01.910219+00	2025-03-23 09:08:01.910219+00	\N	Strahil Vetrenski	13	10	2025-03-23 09:40:00+00	50		15	0889207542	f
274	2025-03-23 20:09:22.257436+00	2025-03-23 20:09:22.257436+00	\N	Денислав василев 	14	13	2025-05-23 16:00:00+00	60		16	0898491482	f
275	2025-03-24 07:32:34.263116+00	2025-03-24 07:32:34.263116+00	\N	Georgi Georgiev	13	11	2025-03-26 15:20:00+00	40		15	0896813163	f
276	2025-03-24 08:41:04.739855+00	2025-03-24 08:41:04.739855+00	\N	Vasil Eftimov	13	11	2025-03-25 15:10:00+00	40		15	0885304009	f
277	2025-03-24 12:50:29.755304+00	2025-03-24 12:50:29.755304+00	\N	Stanislav	13	13	2025-03-29 16:00:00+00	60		15	0896215480	f
278	2025-03-24 13:36:47.556298+00	2025-03-24 13:36:47.556298+00	\N	Иван Стефанов	15	11	2025-03-27 12:00:00+00	40	Само Провадия	17	0988206282	f
279	2025-03-24 15:20:23.490679+00	2025-03-24 15:20:23.490679+00	\N	Максим 	13	10	2025-03-26 08:00:00+00	50		15	+359885347025	f
280	2025-03-24 21:29:08.129421+00	2025-03-24 21:29:08.129421+00	\N	Кристиян 	15	11	2025-03-25 12:00:00+00	40		17	0898362143	f
281	2025-03-25 11:53:42.873598+00	2025-03-25 11:53:42.873598+00	\N	Andrian	13	11	2025-03-28 08:00:00+00	40	\n	15	0886601612	f
282	2025-03-25 16:41:55.408825+00	2025-03-25 16:41:55.408825+00	\N	Vasil	13	11	2025-03-27 17:20:00+00	40		15	0890345400	f
283	2025-03-25 16:51:29.903334+00	2025-03-25 16:51:29.903334+00	\N	Mustafa	12	10	2025-03-29 08:00:00+00	50		14	0876818506	f
284	2025-03-25 18:47:56.859348+00	2025-03-25 18:47:56.859348+00	\N	Даниел	13	11	2025-03-28 10:00:00+00	40		15	0879104194	f
268	2025-03-22 12:04:42.631912+00	2025-03-22 12:04:42.631912+00	2025-03-25 19:27:22.820875+00	Michele Oliverio	13	10	2025-04-01 10:30:00+00	50		15	+359125588888	f
285	2025-03-26 06:08:07.384291+00	2025-03-26 06:08:07.384291+00	\N	Valeri	13	11	2025-03-28 09:20:00+00	40		15	0899816551	f
286	2025-03-26 07:23:39.706454+00	2025-03-26 07:23:39.706454+00	\N	Daniel	13	11	2025-03-29 08:00:00+00	40	Бях си запазил на място за 12 часа и искам да го променя за въведения час	15	+359879060736	f
287	2025-03-26 07:50:51.270624+00	2025-03-26 07:50:51.270624+00	\N	Martin Sheev	13	12	2025-03-27 12:00:00+00	20		15	+359887319806	f
288	2025-03-26 09:12:21.735082+00	2025-03-26 09:12:21.735082+00	\N	Ivaylo	13	11	2025-03-30 08:40:00+00	40		15	0893697333	f
289	2025-03-26 18:18:23.84896+00	2025-03-26 18:18:23.84896+00	\N	Dimitar	13	11	2025-03-28 08:40:00+00	40		15	0898447904	f
290	2025-03-26 19:00:58.874964+00	2025-03-26 19:00:58.874964+00	\N	Pavlo	15	11	2025-03-27 15:20:00+00	40		17	0995494684	f
302	2025-03-28 11:30:22.140778+00	2025-03-28 11:30:22.140778+00	\N	Александър Дончев	12	10	2025-03-28 13:50:00+00	50		14	0894531821	f
303	2025-03-28 11:59:11.128042+00	2025-03-28 11:59:11.128042+00	\N	Lyubomir	12	11	2025-03-28 12:40:00+00	40		14	0895616880	f
304	2025-03-28 17:36:04.890412+00	2025-03-28 17:36:04.890412+00	\N	Ferhat	13	10	2025-03-29 10:00:00+00	50		15	0895134453	f
305	2025-03-28 19:11:20.706881+00	2025-03-28 19:11:20.706881+00	\N	Alex	13	11	2025-03-29 11:30:00+00	40		15	0888707937	f
306	2025-03-28 19:43:05.803337+00	2025-03-28 19:43:05.803337+00	\N	Николай Диамандиев 	13	11	2025-03-30 09:20:00+00	40		15	0885635777	f
307	2025-03-29 10:17:28.306402+00	2025-03-29 10:17:28.306402+00	\N	Deso	13	11	2025-03-29 14:50:00+00	40		15	0882038111	f
308	2025-03-29 10:49:06.198217+00	2025-03-29 10:49:06.198217+00	\N	Stefan	14	10	2025-03-29 12:10:00+00	50		16	0887838319	f
312	2025-03-30 12:18:54.022319+00	2025-03-30 12:18:54.022319+00	\N	Денислав василев 	14	10	2025-03-30 15:30:00+00	50		16	0898491482	f
313	2025-03-30 18:51:29.637545+00	2025-03-30 18:51:29.637545+00	\N	Denis	13	11	2025-04-03 16:00:00+00	40	12 год	15	+359887804009	f
314	2025-03-31 05:10:49.99916+00	2025-03-31 05:10:49.99916+00	\N	Rostislav	13	11	2025-04-01 08:50:00+00	40		15	0882940677	f
315	2025-03-31 08:14:00.372407+00	2025-03-31 08:14:00.372407+00	\N	Radoslav	13	10	2025-04-04 15:30:00+00	50		15	0898340179	f
316	2025-03-31 10:21:20.651374+00	2025-03-31 10:21:20.651374+00	\N	Emre	13	11	2025-04-01 11:30:00+00	40		15	+359897070962	f
317	2025-04-01 08:53:29.664773+00	2025-04-01 08:53:29.664773+00	\N	Борислав Николов	13	11	2025-04-04 12:40:00+00	40		15	+359877554605	f
1312	2025-11-02 01:08:38.581349+00	2025-11-02 01:08:38.581349+00	\N	Ivelin	13	10	2025-11-02 11:00:00+00	50		15	0894305891	f
1314	2025-11-02 10:16:28.970419+00	2025-11-02 10:16:28.970419+00	\N	Здравко	13	10	2025-11-02 12:40:00+00	50		15	0877656262	f
1315	2025-11-02 14:26:13.441128+00	2025-11-02 14:26:13.441128+00	\N	Mehmed	21	11	2025-11-07 07:00:00+00	40		23	+359895011170	f
1324	2025-11-05 10:49:32.808544+00	2025-11-05 10:49:32.808544+00	\N	Viktor 	13	10	2025-11-05 12:00:00+00	50		15	+359888313163	f
1325	2025-11-05 17:12:08.152401+00	2025-11-05 17:12:08.152401+00	\N	Мустафа	13	10	2025-11-06 13:40:00+00	50		15	0884081004	f
1326	2025-11-05 17:59:12.216321+00	2025-11-05 17:59:12.216321+00	\N	Cory	12	11	2025-11-06 08:20:00+00	40	Send me a message if i can come earlier 😎	14	0883564189	f
1327	2025-11-05 18:05:11.50058+00	2025-11-05 18:05:11.50058+00	\N	Yoan	13	11	2025-11-06 16:10:00+00	40		15	0895111649	f
1328	2025-11-06 14:29:53.976185+00	2025-11-06 14:29:53.976185+00	\N	Georgi Georgiev	13	11	2025-11-07 16:20:00+00	40		15	0896813163	f
1333	2025-11-07 15:08:43.626936+00	2025-11-07 15:08:43.626936+00	\N	Ercan 	13	11	2025-11-07 15:40:00+00	40		15	+359248424864	f
1334	2025-11-07 16:56:40.379534+00	2025-11-07 16:56:40.379534+00	\N	Taras	21	12	2025-11-08 11:00:00+00	20		23	0882972200	f
1338	2025-11-09 08:47:55.172875+00	2025-11-09 08:47:55.172875+00	\N	Евген	13	10	2025-11-09 09:30:00+00	50		15	0882258809	f
1339	2025-11-09 11:15:02.692885+00	2025-11-09 11:15:02.692885+00	\N	Здравко	12	10	2025-11-09 14:30:00+00	50		14	0877656262	f
1340	2025-11-09 13:07:13.78244+00	2025-11-09 13:07:13.78244+00	\N	Dima	21	11	2025-11-09 14:20:00+00	40	I understand good english and russian languages	23	0888819705	f
1341	2025-11-09 14:56:01.0789+00	2025-11-09 14:56:01.0789+00	\N	Yordan Damyanov	13	10	2025-11-11 08:40:00+00	50		15	0889070727	f
1342	2025-11-09 18:34:32.908529+00	2025-11-09 18:34:32.908529+00	\N	Karani ahmed	13	11	2025-11-11 14:50:00+00	40		15	0899042999	f
1343	2025-11-09 18:37:34.350467+00	2025-11-09 18:37:34.350467+00	\N	Karani	13	10	2025-11-11 15:30:00+00	50		15	0899042999	f
1356	2025-11-13 21:10:54.203186+00	2025-11-13 21:10:54.203186+00	\N	Йордан Ангелов 	13	10	2025-11-14 15:20:00+00	50		15	0883358810	f
1357	2025-11-14 08:48:07.163445+00	2025-11-14 08:48:07.163445+00	\N	Dzhan	13	11	2025-11-14 09:00:00+00	40		15	+359888050913	f
1358	2025-11-14 10:27:45.623562+00	2025-11-14 10:27:45.623562+00	\N	Стелиян Димитров	12	11	2025-11-16 08:20:00+00	40		14	0877335399	f
1361	2025-11-14 19:41:24.441291+00	2025-11-14 19:41:24.441291+00	\N	Владимир Моллов	12	12	2025-11-15 13:20:00+00	20		14	+359889625295	f
1362	2025-11-15 09:49:51.338551+00	2025-11-15 09:49:51.338551+00	\N	Tigran	21	10	2025-11-15 12:50:00+00	50		23	0886875724	f
1363	2025-11-16 07:46:40.582457+00	2025-11-16 07:46:40.582457+00	\N	Серкан Енвер	13	13	2025-11-16 12:20:00+00	60		15	0893651753	f
1364	2025-11-16 12:11:47.776156+00	2025-11-16 12:11:47.776156+00	\N	Даниел Христов	13	11	2025-11-16 15:20:00+00	40		15	0897503630	f
1365	2025-11-17 10:00:17.184361+00	2025-11-17 10:00:17.184361+00	\N	Hamoude	13	10	2025-11-19 12:50:00+00	50		15	+359898329208	f
1368	2025-11-18 07:42:40.340018+00	2025-11-18 07:42:40.340018+00	\N	Teodor	20	11	2025-11-18 09:40:00+00	40		22	0878678850	f
1369	2025-11-18 08:07:15.842208+00	2025-11-18 08:07:15.842208+00	\N	Martin	13	11	2025-11-18 15:40:00+00	40		15	0884130453	f
291	2025-03-26 22:13:26.620238+00	2025-03-26 22:13:26.620238+00	\N	Добромир Маринов	13	10	2025-03-28 11:30:00+00	50		15	0896291481	f
292	2025-03-26 23:16:22.959553+00	2025-03-26 23:16:22.959553+00	\N	Hamoude	13	10	2025-04-06 08:00:00+00	50		15	+359898329208	f
293	2025-03-27 07:39:52.272351+00	2025-03-27 07:39:52.272351+00	\N	Александър 	13	11	2025-03-28 10:40:00+00	40		15	0898444758	f
294	2025-03-27 08:57:27.892775+00	2025-03-27 08:57:27.892775+00	\N	Burhan Pir	13	13	2025-03-28 12:20:00+00	60		15	0879555459	f
295	2025-03-27 08:57:39.761506+00	2025-03-27 08:57:39.761506+00	\N	Burhan Pir	13	13	2025-03-28 16:20:00+00	60		15	0879555459	f
296	2025-03-27 08:57:56.06072+00	2025-03-27 08:57:56.06072+00	\N	Burhan Pir	13	13	2025-03-28 15:20:00+00	60		15	0879555459	f
297	2025-03-27 08:58:09.662419+00	2025-03-27 08:58:09.662419+00	\N	Burhan Pir	13	13	2025-03-28 14:20:00+00	60		15	0879555459	f
298	2025-03-27 08:58:22.973432+00	2025-03-27 08:58:22.973432+00	\N	Burhan Pir	13	13	2025-03-28 13:20:00+00	60		15	0879555459	f
299	2025-03-27 15:26:52.952038+00	2025-03-27 15:26:52.952038+00	\N	Дмитрий 	12	10	2025-03-27 16:20:00+00	50		14	+359888813027	f
300	2025-03-27 21:04:10.493851+00	2025-03-27 21:04:10.493851+00	\N	Petar	13	11	2025-03-29 09:20:00+00	40		15	0877749130	f
301	2025-03-28 11:02:16.311887+00	2025-03-28 11:02:16.311887+00	\N	Мартин Войнов	13	10	2025-04-01 08:00:00+00	50		15	0892767610	f
309	2025-03-29 19:07:52.180003+00	2025-03-29 19:07:52.180003+00	\N	Sasho	13	10	2025-03-30 12:30:00+00	50		15	0898415254	f
310	2025-03-29 22:10:50.539264+00	2025-03-29 22:10:50.539264+00	\N	Владислав	12	11	2025-03-30 09:20:00+00	40		14	+359882416677	f
311	2025-03-30 07:52:27.150806+00	2025-03-30 07:52:27.150806+00	\N	Станислав Добрев	12	11	2025-04-01 14:40:00+00	40		14	0889088853	f
318	2025-04-01 10:47:44.103412+00	2025-04-01 10:47:44.103412+00	\N	Кристиян	15	11	2025-04-02 10:40:00+00	40		17	0898362143	f
319	2025-04-01 11:22:17.389949+00	2025-04-01 11:22:17.389949+00	\N	Ivaylo	13	11	2025-04-06 08:50:00+00	40		15	0893697333	f
320	2025-04-01 14:44:27.25731+00	2025-04-01 14:44:27.25731+00	\N	Милчо Ангелов	13	11	2025-04-02 08:00:00+00	40		15	0877020177	f
321	2025-04-01 15:34:18.429634+00	2025-04-01 15:34:18.429634+00	\N	Александър Борисов	13	10	2025-04-02 14:30:00+00	50		15	0898511066	f
322	2025-04-01 16:11:04.922487+00	2025-04-01 16:11:04.922487+00	\N	Атанас	15	11	2025-04-05 08:00:00+00	40	🍩	17	0895667697	f
323	2025-04-01 16:25:17.354707+00	2025-04-01 16:25:17.354707+00	\N	Иван	13	11	2025-04-12 08:00:00+00	40		15	0899747872	f
324	2025-04-01 16:38:17.260321+00	2025-04-01 16:38:17.260321+00	\N	Ilian Dimov	13	10	2025-04-04 08:00:00+00	50		15	0885833885	f
325	2025-04-01 16:56:33.214708+00	2025-04-01 16:56:33.214708+00	\N	Максим Ковалев	13	10	2025-04-03 09:40:00+00	50		15	0885347025	f
326	2025-04-01 20:02:45.83361+00	2025-04-01 20:02:45.83361+00	\N	Виктор Друмев	13	12	2025-04-02 08:40:00+00	20		15	+359876771119	f
327	2025-04-01 22:20:00.151152+00	2025-04-01 22:20:00.151152+00	\N	Taha Yigit	13	10	2025-04-04 09:40:00+00	50	Benim kanka	15	+359151111506	f
328	2025-04-02 07:04:49.788288+00	2025-04-02 07:04:49.788288+00	\N	Стефан Стефанов	13	10	2025-04-02 11:30:00+00	50		15	0882941125	f
329	2025-04-02 07:45:08.843149+00	2025-04-02 07:45:08.843149+00	\N	Vinit Singh	13	10	2025-04-03 10:30:00+00	50		15	0791479276	f
330	2025-04-02 09:14:32.006905+00	2025-04-02 09:14:32.006905+00	\N	Ayas 	12	10	2025-04-04 09:40:00+00	50	My phone number is: +49 15750956852	14	0157509568	f
331	2025-04-02 12:24:57.495547+00	2025-04-02 12:24:57.495547+00	\N	Hristiyan Todorov	12	10	2025-04-04 11:20:00+00	50	\n	14	+359896034241	f
332	2025-04-02 14:41:44.724581+00	2025-04-02 14:41:44.724581+00	\N	Димо Ганчев	13	10	2025-04-04 08:50:00+00	50	Да ме направиш топ като всеки път че на човек не приличам 🤣	15	0894370474	f
333	2025-04-02 19:35:13.454028+00	2025-04-02 19:35:13.454028+00	\N	Vinit Singh	13	10	2025-04-09 13:00:00+00	50		15	0791479276	f
334	2025-04-02 21:25:13.335569+00	2025-04-02 21:25:13.335569+00	\N	Martin Shkodrov	13	11	2025-04-03 14:00:00+00	40		15	0889701222	f
335	2025-04-03 03:59:15.477913+00	2025-04-03 03:59:15.477913+00	\N	Живко Липчев 	13	12	2025-04-04 15:00:00+00	20		15	0888217290	f
336	2025-04-03 09:32:21.849329+00	2025-04-03 09:32:21.849329+00	\N	Denis	13	11	2025-04-04 14:00:00+00	40	Имаме час за днес от 19:00, но няма да можем да дойдем.\n\n	15	0887804009	f
337	2025-04-03 12:28:45.895616+00	2025-04-03 12:28:45.895616+00	\N	Mustafa Mustafa	13	10	2025-04-03 16:40:00+00	50		15	0884808693	f
338	2025-04-03 13:56:18.312797+00	2025-04-03 13:56:18.312797+00	\N	Recep	13	10	2025-04-05 09:40:00+00	50		15	0894436472	f
339	2025-04-03 16:48:04.844111+00	2025-04-03 16:48:04.844111+00	\N	Teodor Dimitrov	13	10	2025-04-12 17:00:00+00	50		15	0877776130	f
340	2025-04-04 06:16:02.150086+00	2025-04-04 06:16:02.150086+00	\N	MAKSYM KOPUSHCHU	12	11	2025-04-04 08:00:00+00	40		14	0977355127	f
341	2025-04-04 07:34:11.370088+00	2025-04-04 07:34:11.370088+00	\N	Nikolay Kirilov 	13	10	2025-04-04 10:30:00+00	50		15	0878378994	f
342	2025-04-04 10:05:43.158018+00	2025-04-04 10:05:43.158018+00	\N	Kristiyan Dzhenkov	13	10	2025-04-08 13:50:00+00	50		15	0885868898	f
343	2025-04-04 18:10:55.934903+00	2025-04-04 18:10:55.934903+00	\N	Виктор	13	11	2025-04-05 11:10:00+00	40		15	0899590415	f
344	2025-04-04 21:35:09.554783+00	2025-04-04 21:35:09.554783+00	\N	Sezer	15	10	2025-04-05 09:30:00+00	50		17	+359886922038	f
345	2025-04-05 11:40:30.804188+00	2025-04-05 11:40:30.804188+00	\N	Aleks	15	10	2025-04-06 12:10:00+00	50		17	+359882700934	f
346	2025-04-05 19:28:17.211876+00	2025-04-05 19:28:17.211876+00	\N	Илиян 	13	11	2025-04-06 09:30:00+00	40		15	0879916250	f
347	2025-04-05 23:40:08.357596+00	2025-04-05 23:40:08.357596+00	\N	Strahil Vetrenski	12	10	2025-04-06 08:00:00+00	50		14	0889207542	f
348	2025-04-06 12:00:17.2769+00	2025-04-06 12:00:17.2769+00	\N	Konstantin	13	11	2025-04-06 12:40:00+00	40		15	0889228953	f
349	2025-04-06 13:44:57.320459+00	2025-04-06 13:44:57.320459+00	\N	DMYTRO BILIAK	13	11	2025-04-06 14:00:00+00	40		15	0683126766	f
351	2025-04-07 06:52:23.514603+00	2025-04-07 06:52:23.514603+00	\N	Vasil	13	11	2025-04-10 16:40:00+00	40		15	0890345400	f
352	2025-04-07 10:19:52.732824+00	2025-04-07 10:19:52.732824+00	\N	Методи	13	10	2025-04-08 09:40:00+00	50		15	0896783755	f
353	2025-04-07 13:14:42.771496+00	2025-04-07 13:14:42.771496+00	\N	Dragos Dimache 	14	11	2025-04-08 10:00:00+00	40		16	0883690169	f
350	2025-04-06 16:38:13.926214+00	2025-04-06 16:38:13.926214+00	2025-04-07 15:58:51.118547+00	Edgar Bagdatyan	12	11	2025-04-09 12:40:00+00	40		14	0879080003	f
355	2025-04-08 07:01:29.427793+00	2025-04-08 07:01:29.427793+00	\N	Emre	13	11	2025-04-11 08:00:00+00	40		15	+359897070962	f
356	2025-04-08 07:48:44.526646+00	2025-04-08 07:48:44.526646+00	\N	Dimitar	13	10	2025-04-09 15:30:00+00	50		15	0899666606	f
354	2025-04-07 18:27:14.63793+00	2025-04-07 18:27:14.63793+00	2025-04-11 17:50:21.172808+00	Ivaylo	13	11	2025-04-13 08:00:00+00	40		15	0893697333	f
357	2025-04-08 07:50:59.747154+00	2025-04-08 07:50:59.747154+00	\N	Georgi	13	11	2025-04-09 10:00:00+00	40		15	0894440302	f
358	2025-04-08 08:07:44.699451+00	2025-04-08 08:07:44.699451+00	\N	Тихомир Стефанов	13	10	2025-04-08 10:30:00+00	50		15	0884528222	f
359	2025-04-08 13:05:12.773166+00	2025-04-08 13:05:12.773166+00	\N	Тихомир Стефанов	13	10	2025-04-26 09:40:00+00	50		15	0884528222	f
360	2025-04-08 13:42:27.516035+00	2025-04-08 13:42:27.516035+00	\N	Мартин	13	10	2025-04-11 08:40:00+00	50		15	0892767610	f
361	2025-04-08 13:49:23.494229+00	2025-04-08 13:49:23.494229+00	\N	Filip Horváth	13	11	2025-04-09 14:30:00+00	40	my number is +420737482984 \nif u have viber or whatsapp it will be better for us 	15	0737482984	f
362	2025-04-08 14:36:27.275135+00	2025-04-08 14:36:27.275135+00	\N	Кристиян 	15	11	2025-04-09 10:40:00+00	40		17	0898362143	f
363	2025-04-08 17:20:50.909065+00	2025-04-08 17:20:50.909065+00	\N	Arsenii	13	11	2025-04-09 16:20:00+00	40	I am English speaking 	15	+359887154687	f
365	2025-04-08 19:14:34.922407+00	2025-04-08 19:14:34.922407+00	\N	Максим Ковальов	13	10	2025-04-10 08:00:00+00	50		15	0885347025	f
366	2025-04-09 08:15:41.435993+00	2025-04-09 08:15:41.435993+00	\N	Pavel	13	11	2025-04-12 09:20:00+00	40		15	+359893942052	f
367	2025-04-09 08:52:01.474413+00	2025-04-09 08:52:01.474413+00	\N	Branimir	15	11	2025-04-09 13:20:00+00	40		17	0886924645	f
368	2025-04-09 09:40:08.437775+00	2025-04-09 09:40:08.437775+00	\N	Taras	15	12	2025-04-10 08:00:00+00	20		17	0882972200	f
369	2025-04-09 16:22:34.792827+00	2025-04-09 16:22:34.792827+00	\N	Andrian	13	10	2025-04-11 11:10:00+00	50		15	0886601612	f
370	2025-04-09 19:54:16.585831+00	2025-04-09 19:54:16.585831+00	\N	Danislav	13	11	2025-04-10 12:50:00+00	40		15	0878811007	f
371	2025-04-09 22:24:50.912542+00	2025-04-09 22:24:50.912542+00	\N	Özcan	13	10	2025-04-13 09:30:00+00	50		15	0893263112	f
364	2025-04-08 18:27:29.177396+00	2025-04-08 18:27:29.177396+00	2025-04-10 05:42:25.759868+00	Stefan kirilov	12	13	2025-04-11 08:00:00+00	60		14	0894201881	f
372	2025-04-10 05:43:26.128293+00	2025-04-10 05:43:26.128293+00	\N	Stefan Kirilov	12	10	2025-04-12 07:00:00+00	50		14	0894201881	f
373	2025-04-10 07:07:37.570644+00	2025-04-10 07:07:37.570644+00	\N	Светлин Станчев	13	11	2025-04-10 11:30:00+00	40		15	0888642610	f
374	2025-04-10 10:33:52.189164+00	2025-04-10 10:33:52.189164+00	\N	Евгени 	13	11	2025-04-10 12:10:00+00	40		15	+359877700459	f
375	2025-04-10 12:40:24.877294+00	2025-04-10 12:40:24.877294+00	\N	Borislav Borisov	13	10	2025-04-11 12:00:00+00	50		15	0898725675	f
376	2025-04-11 08:17:21.640147+00	2025-04-11 08:17:21.640147+00	\N	Nikolay Kirilov 	13	10	2025-04-11 10:20:00+00	50		15	0878378994	f
377	2025-04-11 08:58:31.848358+00	2025-04-11 08:58:31.848358+00	\N	Айсун	13	11	2025-04-11 09:30:00+00	40		15	0885328018	f
378	2025-04-11 09:31:58.569985+00	2025-04-11 09:31:58.569985+00	\N	Milcho Angelov	13	11	2025-04-13 08:40:00+00	40		15	+359877020177	f
379	2025-04-11 13:00:03.189103+00	2025-04-11 13:00:03.189103+00	\N	Евтим	13	11	2025-04-13 11:00:00+00	40		15	0886601246	f
380	2025-04-11 19:49:33.526366+00	2025-04-11 19:49:33.526366+00	\N	Александър Йорданов	13	11	2025-04-13 07:00:00+00	40		15	0898444758	f
381	2025-04-12 07:33:41.347883+00	2025-04-12 07:33:41.347883+00	\N	Александър Дончев	13	10	2025-04-12 10:00:00+00	50		15	0894531821	f
382	2025-04-12 11:18:36.033829+00	2025-04-12 11:18:36.033829+00	\N	Reda 	13	11	2025-04-17 14:20:00+00	40		15	+359888105155	f
383	2025-04-12 12:46:00.694547+00	2025-04-12 12:46:00.694547+00	\N	Mustafa	12	10	2025-04-13 07:00:00+00	50		14	0876818506	f
384	2025-04-12 13:24:27.823738+00	2025-04-12 13:24:27.823738+00	\N	Nikolay Valkov	12	10	2025-04-12 15:20:00+00	50		14	+359879859535	f
385	2025-04-12 17:45:56.943461+00	2025-04-12 17:45:56.943461+00	\N	Ivan Daskalov	13	11	2025-04-16 09:00:00+00	40		15	0878899200	f
386	2025-04-12 21:11:38.193508+00	2025-04-12 21:11:38.193508+00	\N	Hristo	13	10	2025-04-13 07:40:00+00	50		15	0897677048	f
387	2025-04-13 08:26:09.750357+00	2025-04-13 08:26:09.750357+00	\N	Milcho Angelov	12	10	2025-04-13 08:40:00+00	50		14	+359877020177	f
388	2025-04-13 08:43:36.35969+00	2025-04-13 08:43:36.35969+00	\N	Lyubomir	12	11	2025-04-13 09:30:00+00	40		14	0895616880	f
389	2025-04-13 11:08:30.989433+00	2025-04-13 11:08:30.989433+00	\N	Orhan Ahmed	13	11	2025-04-15 09:00:00+00	40	🙌🏼	15	0894071460	f
390	2025-04-13 13:58:51.978383+00	2025-04-13 13:58:51.978383+00	\N	Ilian Dimov	13	10	2025-04-15 13:50:00+00	50		15	0885833885	f
391	2025-04-13 14:02:34.400058+00	2025-04-13 14:02:34.400058+00	\N	Erkan 	13	13	2025-04-13 15:00:00+00	60		15	+359899153632	f
392	2025-04-13 14:13:42.96032+00	2025-04-13 14:13:42.96032+00	\N	Галя Симова	15	11	2025-04-18 07:00:00+00	40		17	0899968133	f
393	2025-04-13 17:49:40.0023+00	2025-04-13 17:49:40.0023+00	\N	Любомир	13	11	2025-04-15 10:20:00+00	40		15	+359882050305	f
394	2025-04-14 10:28:29.140355+00	2025-04-14 10:28:29.140355+00	\N	Mert Kyuchukov	14	11	2025-04-18 08:20:00+00	40		16	0894460181	f
395	2025-04-14 10:56:05.099022+00	2025-04-14 10:56:05.099022+00	\N	Мартин	14	11	2025-04-17 11:00:00+00	40	Момче на 11 години.	16	0879235337	f
396	2025-04-14 20:36:21.395764+00	2025-04-14 20:36:21.395764+00	\N	Chadly	13	10	2025-04-18 08:40:00+00	50		15	0897967961	f
397	2025-04-15 09:24:33.804073+00	2025-04-15 09:24:33.804073+00	\N	Michele Oliverio	13	10	2025-04-22 07:00:00+00	50	Bdbdk	15	+359125184558	f
398	2025-04-15 13:43:10.455326+00	2025-04-15 13:43:10.455326+00	\N	Максим 	13	10	2025-04-18 07:00:00+00	50		15	0885347025	f
399	2025-04-15 17:18:33.390544+00	2025-04-15 17:18:33.390544+00	\N	Кристиян	15	11	2025-04-16 11:00:00+00	40		17	0898362143	f
400	2025-04-15 20:32:13.439536+00	2025-04-15 20:32:13.439536+00	\N	Sezer	15	10	2025-04-16 11:40:00+00	50		17	0886922038	f
401	2025-04-15 20:49:11.74469+00	2025-04-15 20:49:11.74469+00	\N	Ivaylo	13	11	2025-04-18 07:50:00+00	40		15	0893697333	f
402	2025-04-15 22:09:32.403395+00	2025-04-15 22:09:32.403395+00	\N	Tanju	15	11	2025-04-16 09:00:00+00	40		17	0897043779	f
403	2025-04-16 04:44:49.617109+00	2025-04-16 04:44:49.617109+00	\N	Борислав Николов	13	11	2025-04-18 10:10:00+00	40		15	+359877554605	f
404	2025-04-16 08:16:16.334734+00	2025-04-16 08:16:16.334734+00	\N	Даниел	14	11	2025-04-16 16:20:00+00	40		16	0878638038	f
405	2025-04-16 10:17:33.895568+00	2025-04-16 10:17:33.895568+00	\N	Milen	13	10	2025-04-16 14:30:00+00	50		15	+359879555672	f
406	2025-04-16 13:05:08.6275+00	2025-04-16 13:05:08.6275+00	\N	Виктор Райков	14	11	2025-04-16 13:40:00+00	40		16	0886747513	f
407	2025-04-16 18:29:51.706929+00	2025-04-16 18:29:51.706929+00	\N	Виктор	13	11	2025-04-18 11:30:00+00	40		15	0899590415	f
408	2025-04-16 19:10:27.866981+00	2025-04-16 19:10:27.866981+00	\N	Даниел	13	11	2025-04-17 07:00:00+00	40		15	0879104194	f
409	2025-04-17 09:49:35.079644+00	2025-04-17 09:49:35.079644+00	\N	Димо 	13	10	2025-04-19 07:00:00+00	50	🙋🏻‍♂️	15	0894370474	f
410	2025-04-17 10:21:30.905018+00	2025-04-17 10:21:30.905018+00	\N	Ивайло Димитров	14	10	2025-04-17 13:20:00+00	50		16	0893274983	f
411	2025-04-17 21:13:32.136306+00	2025-04-17 21:13:32.136306+00	\N	Rostislav Kosev	13	11	2025-04-18 10:50:00+00	40		15	0882940677	f
412	2025-04-18 08:04:39.969887+00	2025-04-18 08:04:39.969887+00	\N	Иван	15	11	2025-04-18 11:40:00+00	40	Върви ли бмвто	17	0988206282	f
413	2025-04-18 09:27:07.754754+00	2025-04-18 09:27:07.754754+00	\N	Ivaylo	13	11	2025-04-25 09:00:00+00	40		15	0893697333	f
414	2025-04-18 09:50:29.122207+00	2025-04-18 09:50:29.122207+00	\N	Taras	15	12	2025-04-19 10:00:00+00	20		17	0882972200	f
415	2025-04-18 09:52:41.74153+00	2025-04-18 09:52:41.74153+00	\N	Alex	14	11	2025-04-19 10:20:00+00	40		16	0882972200	f
416	2025-04-18 10:10:39.731768+00	2025-04-18 10:10:39.731768+00	\N	Радослав Радев	13	10	2025-04-18 15:30:00+00	50		15	0894666113	f
417	2025-04-18 11:32:58.994619+00	2025-04-18 11:32:58.994619+00	\N	Dragomir Yankov	13	10	2025-04-18 12:10:00+00	50		15	0888022060	f
418	2025-04-18 12:21:21.639062+00	2025-04-18 12:21:21.639062+00	\N	Georgi	13	11	2025-04-20 15:40:00+00	40		15	0886131059	f
419	2025-04-18 14:41:48.047387+00	2025-04-18 14:41:48.047387+00	\N	ivan	13	10	2025-04-19 12:00:00+00	50		15	0896173032	f
420	2025-04-18 16:11:13.565774+00	2025-04-18 16:11:13.565774+00	\N	Nikolai	13	10	2025-04-19 11:10:00+00	50		15	0876411264	f
421	2025-04-18 17:12:52.765816+00	2025-04-18 17:12:52.765816+00	\N	Тайфун	13	10	2025-04-19 10:20:00+00	50		15	0878522757	f
422	2025-04-18 18:00:00.816954+00	2025-04-18 18:00:00.816954+00	\N	Emre	13	11	2025-04-19 07:50:00+00	40		15	+359897070962	f
423	2025-04-18 22:51:47.899085+00	2025-04-18 22:51:47.899085+00	\N	Добромир	13	10	2025-04-19 09:20:00+00	50		15	0896291481	f
424	2025-04-18 22:59:13.745661+00	2025-04-18 22:59:13.745661+00	\N	Деян	12	11	2025-04-19 09:00:00+00	40		14	0877168178	f
425	2025-04-19 15:13:07.863017+00	2025-04-19 15:13:07.863017+00	\N	Mustafa 	13	10	2025-04-20 07:50:00+00	50		15	0892777546	f
426	2025-04-20 11:25:04.429694+00	2025-04-20 11:25:04.429694+00	\N	Teodor Dimitrov	13	10	2025-04-22 14:30:00+00	50		15	0877776130	f
427	2025-04-20 11:38:57.733143+00	2025-04-20 11:38:57.733143+00	\N	Aleksandar	14	11	2025-04-20 16:20:00+00	40		16	0897865086	f
428	2025-04-20 16:07:06.069348+00	2025-04-20 16:07:06.069348+00	\N	Babadjanov	13	11	2025-04-26 14:30:00+00	40		15	0896390572	f
429	2025-04-20 17:36:45.603585+00	2025-04-20 17:36:45.603585+00	\N	Rostislav	13	11	2025-04-22 11:10:00+00	40		15	0882940677	f
430	2025-04-21 10:45:39.043284+00	2025-04-21 10:45:39.043284+00	\N	Vasil Eftimov	13	11	2025-04-24 13:00:00+00	40		15	+359885304009	f
431	2025-04-21 18:03:15.610526+00	2025-04-21 18:03:15.610526+00	\N	Mert	13	10	2025-04-26 16:00:00+00	50		15	+359899374321	f
432	2025-04-22 04:54:21.034403+00	2025-04-22 04:54:21.034403+00	\N	Ivan Daskalov	13	11	2025-04-27 07:00:00+00	40		15	0878899200	f
434	2025-04-22 07:36:50.906188+00	2025-04-22 07:36:50.906188+00	\N	Michele Oliverio	13	10	2025-04-29 07:00:00+00	50	Bj	15	+359151548454	f
1313	2025-11-02 06:38:27.303552+00	2025-11-02 06:38:27.303552+00	\N	Сейхан сюлейман	12	13	2025-11-02 16:00:00+00	60		14	0877221297	f
1316	2025-11-03 11:45:56.881898+00	2025-11-03 11:45:56.881898+00	\N	Ben	12	10	2025-11-06 12:50:00+00	50	The number is not mine it’s from a friend I got this one could not put it there it needs a Bulgarian number:\n+49 176 41567847	14	+359889221449	f
1317	2025-11-03 19:19:37.928144+00	2025-11-03 19:19:37.928144+00	\N	Viktor Al Karali	13	10	2025-11-05 10:20:00+00	50		15	+359884031255	f
1318	2025-11-04 11:54:40.459175+00	2025-11-04 11:54:40.459175+00	\N	Sami	13	10	2025-11-04 12:00:00+00	50		15	+359884745250	f
1319	2025-11-04 12:47:05.51953+00	2025-11-04 12:47:05.51953+00	\N	Svetlozar	13	11	2025-11-04 14:20:00+00	40		15	0888433606	f
1320	2025-11-05 06:12:01.276101+00	2025-11-05 06:12:01.276101+00	\N	Дмитрий 	12	10	2025-11-07 16:10:00+00	50		14	+359888813027	f
1321	2025-11-05 06:12:26.945727+00	2025-11-05 06:12:26.945727+00	\N	Борис Борисов	20	10	2025-11-05 13:00:00+00	50		22	0899989335	f
1322	2025-11-05 07:32:50.936584+00	2025-11-05 07:32:50.936584+00	\N	Ivelin Kolev 	13	11	2025-11-05 09:00:00+00	40		15	0890124325	f
1323	2025-11-05 07:59:10.67005+00	2025-11-05 07:59:10.67005+00	\N	Владимир Моллов	12	12	2025-11-08 09:00:00+00	20		14	+359889625295	f
1329	2025-11-06 17:44:44.40625+00	2025-11-06 17:44:44.40625+00	\N	Николай Диамандиев	13	11	2025-11-07 11:00:00+00	40		15	0885635777	f
1330	2025-11-07 09:08:41.548301+00	2025-11-07 09:08:41.548301+00	\N	Viktor Lechev	12	11	2025-11-09 07:00:00+00	40		14	0877221101	f
1331	2025-11-07 10:19:22.243291+00	2025-11-07 10:19:22.243291+00	\N	Dilyan Stankov	20	11	2025-11-11 11:40:00+00	40		22	0878928608	f
1332	2025-11-07 10:41:56.543999+00	2025-11-07 10:41:56.543999+00	\N	Дамир	12	12	2025-11-07 15:20:00+00	20		14	0886392424	f
1335	2025-11-08 13:57:16.304065+00	2025-11-08 13:57:16.304065+00	\N	Daniel	13	10	2025-11-08 14:30:00+00	50		15	0893805708	f
1336	2025-11-08 15:09:53.853589+00	2025-11-08 15:09:53.853589+00	\N	Радослав Радев	12	10	2025-11-08 16:10:00+00	50		14	0894666113	f
1337	2025-11-08 21:27:02.147059+00	2025-11-08 21:27:02.147059+00	\N	Moussa	21	13	2025-11-09 12:00:00+00	60		23	+359898906732	f
1344	2025-11-10 08:57:18.753764+00	2025-11-10 08:57:18.753764+00	\N	Питър	13	11	2025-11-12 16:20:00+00	40		15	0898206017	f
1345	2025-11-10 16:16:15.690035+00	2025-11-10 16:16:15.690035+00	\N	Светлозар Стоилов	13	10	2025-11-11 13:40:00+00	50		15	0885151771	f
1346	2025-11-11 10:32:25.656571+00	2025-11-11 10:32:25.656571+00	\N	Filip hrobath	13	10	2025-11-12 15:20:00+00	50	.	15	0000000000	f
1347	2025-11-11 11:27:40.91313+00	2025-11-11 11:27:40.91313+00	\N	Petar	13	11	2025-11-16 09:40:00+00	40		15	0877749130	f
1348	2025-11-11 15:11:33.943096+00	2025-11-11 15:11:33.943096+00	\N	Teodor Nikolaev	13	11	2025-11-12 13:40:00+00	40		15	0899987280	f
1349	2025-11-11 15:11:47.998445+00	2025-11-11 15:11:47.998445+00	\N	Димитър 	13	11	2025-11-12 13:00:00+00	40		15	0879611852	f
1350	2025-11-11 21:05:27.378392+00	2025-11-11 21:05:27.378392+00	\N	Daniel Große	21	10	2025-11-12 11:10:00+00	50	Foreign number: +491739341779	23	0173934177	f
1351	2025-11-12 07:35:07.421005+00	2025-11-12 07:35:07.421005+00	\N	Birsin Hyuseinоv	13	10	2025-11-13 10:20:00+00	50		15	+359899938110	f
1352	2025-11-12 13:15:54.261707+00	2025-11-12 13:15:54.261707+00	\N	Атанас	13	11	2025-11-13 11:50:00+00	40		15	0896743663	f
1353	2025-11-12 15:31:47.394131+00	2025-11-12 15:31:47.394131+00	\N	Yalcin	21	10	2025-11-14 07:00:00+00	50		23	0896667417	f
1354	2025-11-13 14:30:49.27806+00	2025-11-13 14:30:49.27806+00	\N	Georgi Yanev	21	10	2025-11-13 15:20:00+00	50		23	0894939661	f
1355	2025-11-13 16:33:48.298787+00	2025-11-13 16:33:48.298787+00	\N	Orhan Ahmed	12	10	2025-11-14 14:30:00+00	50	16:30 🙌🏼	14	0894071460	f
1359	2025-11-14 13:19:49.877234+00	2025-11-14 13:19:49.877234+00	\N	Stoil	12	11	2025-11-16 11:40:00+00	40		14	0893004990	f
1360	2025-11-14 15:17:33.445829+00	2025-11-14 15:17:33.445829+00	\N	Цветан 	20	10	2025-11-15 14:30:00+00	50		22	0878753679	f
1366	2025-11-17 15:29:40.686078+00	2025-11-17 15:29:40.686078+00	\N	Павел Петров	21	11	2025-11-18 08:20:00+00	40		23	+359892611800	f
1367	2025-11-18 06:26:05.394349+00	2025-11-18 06:26:05.394349+00	\N	Карен	21	11	2025-11-23 16:20:00+00	40		23	0877329844	f
433	2025-04-22 07:05:40.115194+00	2025-04-22 07:05:40.115194+00	2025-04-22 07:06:09.013417+00	Бейск	12	13	2025-04-22 11:00:00+00	60		14	0879555459	f
435	2025-04-22 10:39:44.9504+00	2025-04-22 10:39:44.9504+00	\N	Milcho Angelov 	13	11	2025-04-24 08:20:00+00	40		15	+359877020177	f
436	2025-04-22 12:12:21.519775+00	2025-04-22 12:12:21.519775+00	\N	Светлин Станчев	13	11	2025-04-24 11:00:00+00	40		15	0888642610	f
437	2025-04-22 13:58:42.300301+00	2025-04-22 13:58:42.300301+00	\N	Nikola Timnev	13	11	2025-04-22 15:20:00+00	40		15	0894979828	f
438	2025-04-22 17:22:56.86851+00	2025-04-22 17:22:56.86851+00	\N	Burhan Pir	13	11	2025-04-23 11:00:00+00	40		15	0879555459	f
439	2025-04-22 21:43:48.062654+00	2025-04-22 21:43:48.062654+00	\N	Кристиян	15	11	2025-04-23 11:00:00+00	40		17	0898362143	f
440	2025-04-23 06:49:33.523687+00	2025-04-23 06:49:33.523687+00	\N	Оксел	14	11	2025-04-24 15:00:00+00	40		16	0897836543	f
441	2025-04-23 12:04:35.516842+00	2025-04-23 12:04:35.516842+00	\N	İsco	12	12	2025-04-26 07:00:00+00	20	Brada	14	0894201881	f
442	2025-04-23 13:00:17.798877+00	2025-04-23 13:00:17.798877+00	\N	Vasil	13	11	2025-04-23 16:20:00+00	40		15	0890345400	f
443	2025-04-23 13:39:22.268461+00	2025-04-23 13:39:22.268461+00	\N	Mehmed Abtulov	13	10	2025-04-26 13:00:00+00	50		15	+359876915080	f
444	2025-04-23 13:49:06.675336+00	2025-04-23 13:49:06.675336+00	\N	Hamoude	13	10	2025-04-27 16:00:00+00	50		15	+359898329208	f
445	2025-04-23 16:58:28.956842+00	2025-04-23 16:58:28.956842+00	\N	Petar	13	11	2025-04-25 08:20:00+00	40		15	0877749130	f
446	2025-04-23 21:28:13.985822+00	2025-04-23 21:28:13.985822+00	\N	Dimitar	13	11	2025-04-25 15:00:00+00	40		15	0896038997	f
447	2025-04-24 09:32:45.939742+00	2025-04-24 09:32:45.939742+00	\N	Stanislaw Kostow	13	10	2025-04-25 13:00:00+00	50		15	0897231165	f
448	2025-04-24 13:14:38.579466+00	2025-04-24 13:14:38.579466+00	\N	Mert	13	10	2025-04-24 14:30:00+00	50		15	0899374321	f
449	2025-04-24 14:25:36.444939+00	2025-04-24 14:25:36.444939+00	\N	Mustafa Mustafa	13	10	2025-04-25 15:40:00+00	50		15	0884808693	f
450	2025-04-24 16:45:56.494622+00	2025-04-24 16:45:56.494622+00	\N	Живко	13	10	2025-04-26 10:30:00+00	50		15	0893693848	f
451	2025-04-25 09:25:21.765883+00	2025-04-25 09:25:21.765883+00	\N	Alex	13	11	2025-04-25 11:00:00+00	40		15	0888707937	f
452	2025-04-26 09:10:27.197342+00	2025-04-26 09:10:27.197342+00	\N	Марио	15	10	2025-04-26 10:20:00+00	50		17	0883203051	f
453	2025-04-26 09:26:51.425096+00	2025-04-26 09:26:51.425096+00	\N	Vinit Singh	13	10	2025-04-30 16:10:00+00	50		15	0791479276	f
454	2025-04-26 13:57:01.572891+00	2025-04-26 13:57:01.572891+00	\N	Nikolay	12	10	2025-04-26 14:30:00+00	50		14	0885500895	f
455	2025-04-26 18:32:40.317046+00	2025-04-26 18:32:40.317046+00	\N	Илиян Събев	13	11	2025-04-27 09:00:00+00	40		15	0879916250	f
456	2025-04-27 07:13:30.36834+00	2025-04-27 07:13:30.36834+00	\N	filip horvath	15	11	2025-04-27 11:00:00+00	40	i dont have bulharian number so u can call me here +420737482984	17	+359222222222	f
457	2025-04-27 08:23:58.004951+00	2025-04-27 08:23:58.004951+00	\N	Hristo 	13	10	2025-04-29 07:50:00+00	50		15	0897677048	f
458	2025-04-27 09:50:10.426499+00	2025-04-27 09:50:10.426499+00	\N	Orhan Ahmed	13	11	2025-04-29 12:40:00+00	40		15	0894071460	f
459	2025-04-27 10:47:30.448618+00	2025-04-27 10:47:30.448618+00	\N	Mitko Sivkov	15	10	2025-04-27 14:10:00+00	50		17	0883301946	f
460	2025-04-27 12:45:41.177169+00	2025-04-27 12:45:41.177169+00	\N	Hamoude 	13	10	2025-04-27 13:40:00+00	50	I canceled the appointment at 19.00	15	+359898329208	f
461	2025-04-27 13:23:18.274368+00	2025-04-27 13:23:18.274368+00	\N	Ilian Dimov	13	10	2025-04-29 08:40:00+00	50		15	0885833885	f
462	2025-04-27 14:26:10.041864+00	2025-04-27 14:26:10.041864+00	\N	Deso	13	11	2025-04-29 09:30:00+00	40		15	0882038111	f
463	2025-04-28 08:48:03.905456+00	2025-04-28 08:48:03.905456+00	\N	Georgi Georgiev	13	11	2025-05-01 15:40:00+00	40		15	0896813163	f
464	2025-04-28 10:02:07.159435+00	2025-04-28 10:02:07.159435+00	\N	Adam	13	11	2025-04-30 10:20:00+00	40		15	+359875404034	f
465	2025-04-28 14:19:17.595968+00	2025-04-28 14:19:17.595968+00	\N	Reda 	13	11	2025-05-02 13:00:00+00	40		15	0888105155	f
466	2025-04-28 21:44:32.734557+00	2025-04-28 21:44:32.734557+00	\N	Dimitar Dimitrov	13	11	2025-05-03 09:40:00+00	40		15	0877993541	f
467	2025-04-28 22:03:27.187475+00	2025-04-28 22:03:27.187475+00	\N	Constantin Keil	13	11	2025-05-02 10:20:00+00	40	+4915121252893	15	0151212528	f
468	2025-04-29 08:56:45.622709+00	2025-04-29 08:56:45.622709+00	\N	Ferhat	13	10	2025-04-29 13:20:00+00	50		15	0895134453	f
469	2025-04-29 11:11:05.109062+00	2025-04-29 11:11:05.109062+00	\N	Ivaylo	13	11	2025-05-02 09:40:00+00	40		15	0893697333	f
470	2025-04-30 09:32:56.768364+00	2025-04-30 09:32:56.768364+00	\N	MAKSYM KOPUSHCHU	12	11	2025-04-30 11:00:00+00	40		14	0977355127	f
471	2025-04-30 09:38:23.76057+00	2025-04-30 09:38:23.76057+00	\N	Коля Пинти	13	11	2025-04-30 11:00:00+00	40		15	0983755180	f
472	2025-04-30 09:42:34.312706+00	2025-04-30 09:42:34.312706+00	\N	Борислав Николов	13	11	2025-05-01 07:40:00+00	40		15	0877554605	f
473	2025-04-30 13:02:40.956677+00	2025-04-30 13:02:40.956677+00	\N	Mustafa	12	10	2025-05-01 07:00:00+00	50		14	0876818506	f
474	2025-04-30 15:43:58.097596+00	2025-04-30 15:43:58.097596+00	\N	Branimir	13	11	2025-05-01 08:20:00+00	40		15	0886924645	f
475	2025-04-30 20:42:41.157188+00	2025-04-30 20:42:41.157188+00	\N	Иван	13	11	2025-05-06 12:20:00+00	40		15	0899747872	f
476	2025-05-01 09:02:09.775802+00	2025-05-01 09:02:09.775802+00	\N	Ivan	13	10	2025-05-01 13:40:00+00	50		15	0884121212	f
477	2025-05-01 13:39:43.985126+00	2025-05-01 13:39:43.985126+00	\N	Николай	13	11	2025-05-02 08:20:00+00	40		15	0885635777	f
478	2025-05-01 13:43:59.546427+00	2025-05-01 13:43:59.546427+00	\N	Драгослав	13	11	2025-05-02 09:00:00+00	40		15	0898526798	f
479	2025-05-01 14:03:11.881292+00	2025-05-01 14:03:11.881292+00	\N	Виктория	12	10	2025-05-01 16:10:00+00	50		14	+359888813027	f
480	2025-05-01 15:33:28.793898+00	2025-05-01 15:33:28.793898+00	\N	Michele Oliverio	13	10	2025-05-06 07:00:00+00	50	Bdbd	15	+359454545555	f
481	2025-05-02 07:48:19.697763+00	2025-05-02 07:48:19.697763+00	\N	Владимир	12	10	2025-05-02 11:10:00+00	50		14	0886990994	f
482	2025-05-02 20:54:35.288824+00	2025-05-02 20:54:35.288824+00	\N	Berkay	13	11	2025-05-03 08:20:00+00	40		15	0892965627	f
483	2025-05-03 04:58:42.371132+00	2025-05-03 04:58:42.371132+00	\N	Simon	13	11	2025-05-04 08:20:00+00	40		15	0882490798	f
484	2025-05-03 08:18:38.069413+00	2025-05-03 08:18:38.069413+00	\N	Georgi Andreev	13	11	2025-05-03 09:00:00+00	40		15	0886131059	f
485	2025-05-03 09:19:13.450241+00	2025-05-03 09:19:13.450241+00	\N	Сергей 	13	11	2025-05-03 11:00:00+00	40		15	+359879061072	f
486	2025-05-03 10:20:34.484448+00	2025-05-03 10:20:34.484448+00	\N	Strahil Vetrenski	13	10	2025-05-03 14:10:00+00	50		15	0889207542	f
487	2025-05-03 14:11:36.951376+00	2025-05-03 14:11:36.951376+00	\N	Daniel	13	11	2025-05-06 09:10:00+00	40		15	+359879060736	f
488	2025-05-03 14:33:04.935409+00	2025-05-03 14:33:04.935409+00	\N	Radoslav Radev	12	10	2025-05-03 15:20:00+00	50		14	0894666113	f
489	2025-05-05 06:01:33.369662+00	2025-05-05 06:01:33.369662+00	\N	Milcho Angelov	13	11	2025-05-07 07:40:00+00	40		15	0877020177	f
490	2025-05-05 06:18:15.434671+00	2025-05-05 06:18:15.434671+00	\N	Владимир Моллов	12	12	2025-05-10 07:00:00+00	20		14	+359889625295	f
493	2025-05-05 14:47:01.227661+00	2025-05-05 14:47:01.227661+00	\N	Georgi	13	11	2025-05-06 07:50:00+00	40		15	0894440302	f
1370	2025-11-18 19:30:37.03397+00	2025-11-18 19:30:37.03397+00	\N	Alpay	13	10	2025-11-20 16:10:00+00	50		15	0897009110	f
1371	2025-11-18 23:17:46.147483+00	2025-11-18 23:17:46.147483+00	\N	Georgi Zhelev	13	11	2025-11-21 09:00:00+00	40		15	0894440302	f
1372	2025-11-19 10:11:17.998555+00	2025-11-19 10:11:17.998555+00	\N	Vladi	13	10	2025-11-19 16:10:00+00	50		15	0886990994	f
1373	2025-11-19 13:26:42.279344+00	2025-11-19 13:26:42.279344+00	\N	Кристиан	20	11	2025-11-19 13:40:00+00	40		22	0895752351	f
1374	2025-11-20 07:04:45.977776+00	2025-11-20 07:04:45.977776+00	\N	Димитър Митев	13	12	2025-11-20 08:00:00+00	20		15	0895262949	f
1375	2025-11-20 12:15:15.600445+00	2025-11-20 12:15:15.600445+00	\N	Constantin Keil	13	11	2025-11-27 16:20:00+00	40	My number +49 1512 1252893	15	+359152885236	f
1376	2025-11-20 13:48:40.199113+00	2025-11-20 13:48:40.199113+00	\N	Aswin	13	11	2025-11-21 14:20:00+00	40	Mid/low taper with design on the back	15	0882337977	f
491	2025-05-05 09:52:35.636605+00	2025-05-05 09:52:35.636605+00	\N	Mehmed Abtulov	12	10	2025-05-06 12:50:00+00	50		14	+359876915080	f
492	2025-05-05 10:14:17.309462+00	2025-05-05 10:14:17.309462+00	\N	Димо Ганчев	13	10	2025-05-09 07:00:00+00	50		15	0894370474	f
494	2025-05-06 06:22:07.473516+00	2025-05-06 06:22:07.473516+00	\N	emrah saliev	12	11	2025-05-06 07:00:00+00	40		14	0896889575	f
495	2025-05-06 09:08:33.712031+00	2025-05-06 09:08:33.712031+00	\N	Dimitar	13	11	2025-05-06 15:40:00+00	40		15	0899666606	f
496	2025-05-06 10:45:07.118315+00	2025-05-06 10:45:07.118315+00	\N	Ivaylo	13	11	2025-05-10 09:40:00+00	40		15	0893697333	f
497	2025-05-07 09:56:00.357241+00	2025-05-07 09:56:00.357241+00	\N	Rostislav	13	11	2025-05-07 11:00:00+00	40		15	0882940677	f
498	2025-05-07 13:29:23.551423+00	2025-05-07 13:29:23.551423+00	\N	Georgi Georgiev	13	11	2025-05-11 15:00:00+00	40		15	0896813163	f
499	2025-05-07 21:25:48.290151+00	2025-05-07 21:25:48.290151+00	\N	Ferhat	13	10	2025-05-08 07:00:00+00	50		15	0895134453	f
500	2025-05-08 09:50:09.140424+00	2025-05-08 09:50:09.140424+00	\N	Vasil	13	11	2025-05-09 15:50:00+00	40		15	0890345100	f
501	2025-05-08 11:45:43.45553+00	2025-05-08 11:45:43.45553+00	\N	Hristiyan Todorov	12	10	2025-05-09 11:10:00+00	50		14	+359896034241	f
502	2025-05-09 09:03:12.21093+00	2025-05-09 09:03:12.21093+00	\N	Orhan Ahmed	13	11	2025-05-15 11:40:00+00	40		15	0894071460	f
503	2025-05-09 22:00:47.430235+00	2025-05-09 22:00:47.430235+00	\N	Ivo	13	11	2025-05-15 14:20:00+00	40		15	0896390572	f
504	2025-05-10 05:55:25.385609+00	2025-05-10 05:55:25.385609+00	\N	Христо 	13	10	2025-05-13 12:00:00+00	50		15	+359897924604	f
505	2025-05-10 08:58:54.498052+00	2025-05-10 08:58:54.498052+00	\N	Michele Oliverio	13	10	2025-05-13 07:00:00+00	50	Kene	15	+359017662377	f
506	2025-05-10 09:22:50.642626+00	2025-05-10 09:22:50.642626+00	\N	Оксел	13	11	2025-05-11 12:20:00+00	40		15	0897836543	f
507	2025-05-10 12:36:43.971153+00	2025-05-10 12:36:43.971153+00	\N	Ivaylo	13	11	2025-05-16 07:00:00+00	40		15	0893697333	f
508	2025-05-10 14:17:05.010367+00	2025-05-10 14:17:05.010367+00	\N	Веселин 	15	10	2025-05-11 16:10:00+00	50		17	0893991666	f
509	2025-05-10 14:34:59.864726+00	2025-05-10 14:34:59.864726+00	\N	Дамян 	13	11	2025-05-13 07:50:00+00	40		15	+359884607021	f
510	2025-05-10 19:17:04.742339+00	2025-05-10 19:17:04.742339+00	\N	Пламена Господинова	13	11	2025-05-18 15:00:00+00	40		15	+359877574173	f
511	2025-05-11 08:10:06.4555+00	2025-05-11 08:10:06.4555+00	\N	Pasel	13	10	2025-05-11 09:30:00+00	50		15	0885199377	f
512	2025-05-11 08:45:54.486274+00	2025-05-11 08:45:54.486274+00	\N	Тихомир Стефанов	13	10	2025-05-11 11:10:00+00	50		15	0884528222	f
513	2025-05-11 11:27:08.25185+00	2025-05-11 11:27:08.25185+00	\N	Илиан	13	11	2025-05-14 14:20:00+00	40		15	0876190733	f
514	2025-05-11 12:39:07.129431+00	2025-05-11 12:39:07.129431+00	\N	Mario 	12	10	2025-05-11 13:40:00+00	50		14	0883203051	f
515	2025-05-11 13:34:36.586867+00	2025-05-11 13:34:36.586867+00	\N	Николай	13	11	2025-05-22 12:20:00+00	40		15	0893874440	f
516	2025-05-12 05:14:48.064948+00	2025-05-12 05:14:48.064948+00	\N	Vasil Eftimov	13	11	2025-05-13 12:50:00+00	40		15	0885304009	f
517	2025-05-12 20:34:51.215449+00	2025-05-12 20:34:51.215449+00	\N	Евтим	13	11	2025-05-16 13:40:00+00	40		15	0886601246	f
518	2025-05-12 21:06:07.718027+00	2025-05-12 21:06:07.718027+00	\N	Vinit Singh	13	10	2025-05-14 07:00:00+00	50		15	0791479276	f
519	2025-05-13 07:51:57.365091+00	2025-05-13 07:51:57.365091+00	\N	Кирил	13	11	2025-05-13 14:10:00+00	40		15	0884469705	f
520	2025-05-13 08:49:09.339738+00	2025-05-13 08:49:09.339738+00	\N	Калоян Янакиев	13	10	2025-05-13 10:20:00+00	50		15	0886639490	f
521	2025-05-13 12:16:36.574688+00	2025-05-13 12:16:36.574688+00	\N	Kerim Turanov	13	10	2025-05-14 10:20:00+00	50		15	0898573157	f
522	2025-05-13 19:39:57.701652+00	2025-05-13 19:39:57.701652+00	\N	Milcho Angelov	13	11	2025-05-15 08:20:00+00	40		15	0877020177	f
523	2025-05-13 20:09:42.402297+00	2025-05-13 20:09:42.402297+00	\N	Иван Иванов	13	11	2025-05-22 11:40:00+00	40		15	0899747872	f
524	2025-05-13 21:15:59.013498+00	2025-05-13 21:15:59.013498+00	\N	Ivo	13	11	2025-05-14 13:10:00+00	40		15	0896390572	f
525	2025-05-14 04:06:28.491823+00	2025-05-14 04:06:28.491823+00	\N	Deso	13	10	2025-05-14 08:40:00+00	50		15	0882038111	f
526	2025-05-14 04:25:41.370029+00	2025-05-14 04:25:41.370029+00	\N	Andreas Kojzar	15	11	2025-05-20 07:40:00+00	40		17	0877127344	f
527	2025-05-14 05:14:22.536498+00	2025-05-14 05:14:22.536498+00	\N	Petar Deyanov	13	11	2025-05-14 12:30:00+00	40		15	0887220154	f
528	2025-05-14 07:31:36.278994+00	2025-05-14 07:31:36.278994+00	\N	Борислав Николов	13	11	2025-05-16 07:40:00+00	40		15	0877554605	f
529	2025-05-14 09:01:15.011912+00	2025-05-14 09:01:15.011912+00	\N	Ивайло	13	11	2025-05-15 10:20:00+00	40	Момче 11 години	15	0899015260	f
530	2025-05-14 09:10:15.575059+00	2025-05-14 09:10:15.575059+00	\N	Svetlozar	13	11	2025-05-14 11:50:00+00	40		15	0888433606	f
531	2025-05-14 13:53:16.792356+00	2025-05-14 13:53:16.792356+00	\N	Alex	13	11	2025-05-17 11:40:00+00	40		15	0882972200	f
532	2025-05-14 13:54:28.254577+00	2025-05-14 13:54:28.254577+00	\N	Svyat 	12	11	2025-05-17 11:40:00+00	40		14	0882972200	f
533	2025-05-14 13:55:15.927412+00	2025-05-14 13:55:15.927412+00	\N	Yarik 	15	11	2025-05-17 11:40:00+00	40		17	0882972200	f
534	2025-05-14 14:11:28.343436+00	2025-05-14 14:11:28.343436+00	\N	Hristo Dimitrov	13	10	2025-05-14 15:00:00+00	50		15	0895912015	f
535	2025-05-14 22:45:45.293102+00	2025-05-14 22:45:45.293102+00	\N	Denislav Manasiev	13	10	2025-05-23 14:10:00+00	50		15	0898583002	f
536	2025-05-15 13:18:14.285134+00	2025-05-15 13:18:14.285134+00	\N	Aleksandar	12	11	2025-05-15 16:20:00+00	40		14	+359854632855	f
537	2025-05-15 20:09:25.503962+00	2025-05-15 20:09:25.503962+00	\N	Chadly	13	10	2025-05-17 08:40:00+00	50		15	0897967961	f
538	2025-05-16 08:17:03.432063+00	2025-05-16 08:17:03.432063+00	\N	Ali Husein	15	10	2025-05-25 11:10:00+00	50		17	+359899400938	f
539	2025-05-16 09:26:33.296716+00	2025-05-16 09:26:33.296716+00	\N	Sachin Joseph	13	11	2025-05-16 13:00:00+00	40		15	+359884822112	f
541	2025-05-16 10:51:28.566197+00	2025-05-16 10:51:28.566197+00	\N	Reda 	13	11	2025-05-17 12:20:00+00	40		15	0888105155	f
542	2025-05-16 13:35:34.662343+00	2025-05-16 13:35:34.662343+00	\N	Виктория	12	11	2025-05-16 16:20:00+00	40		14	+359888813027	f
543	2025-05-16 15:08:25.111504+00	2025-05-16 15:08:25.111504+00	\N	vishal bhambri	12	10	2025-05-17 10:20:00+00	50		14	+359585258545	f
544	2025-05-17 06:09:45.882941+00	2025-05-17 06:09:45.882941+00	\N	Мартин	13	10	2025-05-21 10:20:00+00	50		15	0892767610	f
545	2025-05-17 10:05:14.786432+00	2025-05-17 10:05:14.786432+00	\N	Виктор Лечев	12	11	2025-05-18 07:00:00+00	40		14	0877221101	f
546	2025-05-17 14:08:04.728153+00	2025-05-17 14:08:04.728153+00	\N	Радослав Радев	12	10	2025-05-17 16:10:00+00	50		14	0894666113	f
540	2025-05-16 10:40:22.871779+00	2025-05-16 10:40:22.871779+00	2025-05-24 10:35:33.68606+00	Владимир 	12	12	2025-05-25 07:20:00+00	20		14	+359889625295	f
547	2025-05-17 15:12:55.388729+00	2025-05-17 15:12:55.388729+00	\N	Мартин Жоров	13	11	2025-05-17 16:20:00+00	40		15	0878826030	f
548	2025-05-17 15:41:32.575918+00	2025-05-17 15:41:32.575918+00	\N	Georgi	13	11	2025-05-24 07:00:00+00	40		15	0894440302	f
549	2025-05-17 19:08:13.447868+00	2025-05-17 19:08:13.447868+00	\N	Simon Radanski	13	11	2025-05-24 08:20:00+00	40		15	0882490798	f
557	2025-05-20 09:56:35.818019+00	2025-05-20 09:56:35.818019+00	\N	Chadly	13	10	2025-05-21 16:10:00+00	50	Will arrive 19:15 +/-	15	0897967961	f
558	2025-05-20 12:15:07.54436+00	2025-05-20 12:15:07.54436+00	\N	Berkay	13	11	2025-05-22 09:00:00+00	40		15	0892965627	f
559	2025-05-20 18:00:25.238533+00	2025-05-20 18:00:25.238533+00	\N	Ivaylo	13	11	2025-05-25 09:20:00+00	40		15	0893697333	f
560	2025-05-21 08:32:52.60162+00	2025-05-21 08:32:52.60162+00	\N	Николай	15	10	2025-05-21 13:40:00+00	50		17	0885500895	f
561	2025-05-21 09:10:45.521365+00	2025-05-21 09:10:45.521365+00	\N	Filip Horvath	15	11	2025-05-21 15:50:00+00	40	i dont have blg number 	17	0000000000	f
562	2025-05-21 13:43:42.087893+00	2025-05-21 13:43:42.087893+00	\N	Osman Mustafa	13	10	2025-05-22 07:50:00+00	50		15	0892772101	f
568	2025-05-22 14:34:46.296446+00	2025-05-22 14:34:46.296446+00	\N	Атанас	13	11	2025-05-24 07:40:00+00	40		15	0895667697	f
569	2025-05-22 18:20:51.678691+00	2025-05-22 18:20:51.678691+00	\N	Стоил	13	11	2025-05-23 08:20:00+00	40	Не мога да си избера подходяща прическа и бих искал да ме консултирате и подстрижите	15	0893004990	f
1377	2025-11-20 14:22:49.085688+00	2025-11-20 14:22:49.085688+00	\N	milad nasery	13	10	2025-11-22 07:00:00+00	50		15	+359882829270	f
1378	2025-11-20 21:24:03.531554+00	2025-11-20 21:24:03.531554+00	\N	Ангелина Илева-Тодорова	13	11	2025-11-23 08:20:00+00	40	Подстригване на тинейджър на име Антоний.	15	0889829401	f
1379	2025-11-21 11:09:45.488164+00	2025-11-21 11:09:45.488164+00	\N	Radoslav Radev	12	10	2025-11-21 16:10:00+00	50		14	0894666113	f
1384	2025-11-22 12:41:07.611073+00	2025-11-22 12:41:07.611073+00	\N	Витомир Димитров	13	11	2025-11-22 13:40:00+00	40		15	0892049515	f
1385	2025-11-22 13:47:06.068312+00	2025-11-22 13:47:06.068312+00	\N	Vladislav Botev 	21	11	2025-11-23 07:40:00+00	40		23	0879585977	f
1389	2025-11-23 10:20:11.950417+00	2025-11-23 10:20:11.950417+00	\N	Виктор Петров	12	11	2025-11-23 11:40:00+00	40		14	0893642482	f
1391	2025-11-23 14:08:32.420963+00	2025-11-23 14:08:32.420963+00	\N	Даниел	20	10	2025-11-23 14:30:00+00	50		22	+359851767561	f
1392	2025-11-23 14:26:44.463456+00	2025-11-23 14:26:44.463456+00	\N	Stefan	12	10	2025-11-25 09:30:00+00	50		14	0887838319	f
1393	2025-11-23 21:57:56.812904+00	2025-11-23 21:57:56.812904+00	\N	Ивайло 	12	11	2025-11-25 14:20:00+00	40	С измиване.	14	0899645418	f
550	2025-05-18 08:57:15.281387+00	2025-05-18 08:57:15.281387+00	\N	Michele Oliverio	13	10	2025-05-20 07:00:00+00	50	Hh	15	+359017662377	f
551	2025-05-18 17:56:43.827378+00	2025-05-18 17:56:43.827378+00	\N	Tom saji	13	11	2025-05-20 12:30:00+00	40		15	+359876222971	f
552	2025-05-19 06:30:13.703468+00	2025-05-19 06:30:13.703468+00	\N	Bvcv	13	11	2025-05-20 07:50:00+00	40		15	0879555459	f
553	2025-05-19 06:46:16.595829+00	2025-05-19 06:46:16.595829+00	\N	Georgi Georgiev	13	11	2025-05-20 15:50:00+00	40		15	0896813163	f
554	2025-05-19 10:16:40.209926+00	2025-05-19 10:16:40.209926+00	\N	Maksim 	13	11	2025-05-23 07:00:00+00	40		15	0884706870	f
555	2025-05-19 17:08:31.910763+00	2025-05-19 17:08:31.910763+00	\N	Sezer	15	10	2025-05-20 08:20:00+00	50		17	0886922038	f
556	2025-05-20 03:46:03.41582+00	2025-05-20 03:46:03.41582+00	\N	Andreas Kojzar	15	11	2025-05-20 09:10:00+00	40		17	0877127344	f
563	2025-05-21 14:44:08.028905+00	2025-05-21 14:44:08.028905+00	\N	Daniel	13	11	2025-05-23 09:40:00+00	40		15	+359879060736	f
564	2025-05-21 18:52:27.067382+00	2025-05-21 18:52:27.067382+00	\N	Georgi Georgiev 	13	11	2025-05-23 13:20:00+00	40		15	0896813163	f
565	2025-05-21 20:05:57.203764+00	2025-05-21 20:05:57.203764+00	\N	Branimir	15	11	2025-05-22 12:20:00+00	40		17	0886924645	f
566	2025-05-21 22:39:39.147985+00	2025-05-21 22:39:39.147985+00	\N	Vasil	13	11	2025-05-23 15:40:00+00	40		15	0890345400	f
567	2025-05-22 04:26:43.784086+00	2025-05-22 04:26:43.784086+00	\N	Constantin Keil	13	11	2025-05-29 09:00:00+00	40	Phone: +4915121252893	15	+359111111111	f
570	2025-05-22 20:32:37.28303+00	2025-05-22 20:32:37.28303+00	\N	Димитър	13	11	2025-05-23 10:20:00+00	40		15	0877993541	f
571	2025-05-23 05:50:37.470027+00	2025-05-23 05:50:37.470027+00	\N	Ali Husein	12	10	2025-05-23 07:50:00+00	50		14	0899400938	f
572	2025-05-23 09:15:09.308392+00	2025-05-23 09:15:09.308392+00	\N	Емил Добрев 	12	11	2025-05-23 12:20:00+00	40		14	+359882601525	f
573	2025-05-23 10:18:12.972365+00	2025-05-23 10:18:12.972365+00	\N	виктор	13	10	2025-05-23 11:00:00+00	50		15	0887231019	f
574	2025-05-23 10:59:20.807315+00	2025-05-23 10:59:20.807315+00	\N	Lyubomir Hristov	13	11	2025-05-23 11:50:00+00	40		15	0895616880	f
575	2025-05-23 15:16:56.37014+00	2025-05-23 15:16:56.37014+00	\N	Aleksandar	12	11	2025-05-24 07:00:00+00	40		14	+359545858632	f
576	2025-05-23 16:18:05.119782+00	2025-05-23 16:18:05.119782+00	\N	Simon Radanski	13	11	2025-05-24 09:00:00+00	40		15	0882490798	f
577	2025-05-23 16:55:28.083833+00	2025-05-23 16:55:28.083833+00	\N	Sasho Saliev	13	11	2025-05-24 09:40:00+00	40		15	+359899084939	f
578	2025-05-23 19:06:56.472931+00	2025-05-23 19:06:56.472931+00	\N	Martin	12	11	2025-05-24 07:40:00+00	40		14	0882761977	f
579	2025-05-23 19:08:22.35671+00	2025-05-23 19:08:22.35671+00	\N	Тихомкр	13	10	2025-05-24 11:10:00+00	50		15	0884528222	f
580	2025-05-24 06:59:10.317754+00	2025-05-24 06:59:10.317754+00	\N	Владимир	12	10	2025-05-24 14:10:00+00	50		14	0885977283	f
581	2025-05-24 07:04:13.981843+00	2025-05-24 07:04:13.981843+00	\N	Влад	13	11	2025-05-24 14:00:00+00	40		15	+359882416677	f
582	2025-05-24 09:34:12.757686+00	2025-05-24 09:34:12.757686+00	\N	Suray Mutlu	15	12	2025-05-24 10:00:00+00	20		17	0896852319	f
583	2025-05-24 10:10:51.200576+00	2025-05-24 10:10:51.200576+00	\N	Michele Oliverio	13	10	2025-05-27 07:00:00+00	50	Jdjd	15	+359111152222	f
584	2025-05-24 10:13:08.263655+00	2025-05-24 10:13:08.263655+00	\N	Тодор Згуров	13	10	2025-05-24 10:20:00+00	50		15	0887777073	f
585	2025-05-24 13:15:01.349647+00	2025-05-24 13:15:01.349647+00	\N	Orhan Ahmed	13	11	2025-05-25 10:00:00+00	40	🧸	15	0894071460	f
586	2025-05-24 13:15:17.718893+00	2025-05-24 13:15:17.718893+00	\N	Октай Ахмед	13	11	2025-05-30 13:00:00+00	40		15	0894814997	f
587	2025-05-24 17:26:06.066721+00	2025-05-24 17:26:06.066721+00	\N	Nikolay	12	11	2025-05-25 07:00:00+00	40		14	+359882473348	f
588	2025-05-25 04:52:33.810537+00	2025-05-25 04:52:33.810537+00	\N	Mustafa 	12	10	2025-05-25 07:40:00+00	50		14	0876818506	f
589	2025-05-25 12:43:43.755082+00	2025-05-25 12:43:43.755082+00	\N	Petar	13	11	2025-05-30 14:20:00+00	40		15	0897848499	f
590	2025-05-25 12:59:56.63021+00	2025-05-25 12:59:56.63021+00	\N	Strahil Vetrenski	13	10	2025-05-25 13:40:00+00	50		15	0889207542	f
591	2025-05-26 07:53:11.425744+00	2025-05-26 07:53:11.425744+00	\N	Димо Ганчев	13	10	2025-05-29 07:50:00+00	50		15	+359894370474	f
592	2025-05-26 12:25:56.841584+00	2025-05-26 12:25:56.841584+00	\N	Юлиан Сутев	13	11	2025-05-27 07:50:00+00	40		15	0889192757	f
593	2025-05-26 21:19:41.874308+00	2025-05-26 21:19:41.874308+00	\N	Branimir	13	11	2025-05-28 13:00:00+00	40		15	0886924645	f
594	2025-05-27 19:16:39.786503+00	2025-05-27 19:16:39.786503+00	\N	Евгений 	13	11	2025-05-30 13:40:00+00	40		15	0876480289	f
595	2025-05-28 05:31:47.635795+00	2025-05-28 05:31:47.635795+00	\N	Pasel	13	10	2025-05-30 11:10:00+00	50		15	0885199377	f
596	2025-05-28 10:22:30.6097+00	2025-05-28 10:22:30.6097+00	\N	Mike Bettinger	13	12	2025-05-28 11:00:00+00	20		15	+359888809675	f
597	2025-05-29 08:40:10.188221+00	2025-05-29 08:40:10.188221+00	\N	Добромир	13	10	2025-05-30 07:00:00+00	50		15	0896291481	f
598	2025-05-29 13:51:12.813403+00	2025-05-29 13:51:12.813403+00	\N	Владислав 	15	11	2025-05-29 15:00:00+00	40		17	+359877504993	f
599	2025-05-29 15:18:34.767369+00	2025-05-29 15:18:34.767369+00	\N	Kaloyan Yanakiev	13	10	2025-05-31 09:30:00+00	50		15	0886639490	f
600	2025-05-29 17:30:02.615718+00	2025-05-29 17:30:02.615718+00	\N	Майк 	13	11	2025-05-31 11:00:00+00	40		15	0892341988	f
601	2025-05-30 11:47:36.565683+00	2025-05-30 11:47:36.565683+00	\N	Веселин	12	10	2025-06-01 07:00:00+00	50	И вежди, ако правите 	14	0876656684	f
605	2025-05-31 08:22:10.604848+00	2025-05-31 08:22:10.604848+00	\N	Oksel	13	11	2025-06-01 10:20:00+00	40		15	0897836543	f
602	2025-05-30 13:10:19.119231+00	2025-05-30 13:10:19.119231+00	2025-05-30 13:29:24.065+00	Sezer	13	10	2025-05-30 15:00:00+00	50		15	0886922038	f
603	2025-05-30 15:20:16.318391+00	2025-05-30 15:20:16.318391+00	\N	Мартин Милушев	13	10	2025-05-31 07:00:00+00	50		15	0884161214	f
604	2025-05-30 15:24:25.889378+00	2025-05-30 15:24:25.889378+00	\N	Владимир	12	12	2025-06-07 08:00:00+00	20		14	+359889625295	f
606	2025-05-31 09:49:15.115437+00	2025-05-31 09:49:15.115437+00	\N	Радослав Радев	12	10	2025-05-31 16:10:00+00	50		14	0894666113	f
607	2025-05-31 10:04:19.507207+00	2025-05-31 10:04:19.507207+00	\N	Стелиян Димитров	13	11	2025-06-01 08:20:00+00	40		15	0877335399	f
608	2025-05-31 12:31:59.966323+00	2025-05-31 12:31:59.966323+00	\N	Andreas Kojzar	12	11	2025-06-04 09:40:00+00	40		14	0877127344	f
609	2025-06-01 08:15:04.614804+00	2025-06-01 08:15:04.614804+00	\N	STANISLAV STOYCHEV	13	10	2025-06-06 11:10:00+00	50		15	0893484247	f
610	2025-06-01 08:22:42.085824+00	2025-06-01 08:22:42.085824+00	\N	Michele Oliverio	13	10	2025-06-03 07:00:00+00	50		15	+359176623222	f
611	2025-06-01 11:06:59.351896+00	2025-06-01 11:06:59.351896+00	\N	Sergey	12	10	2025-06-03 07:00:00+00	50		14	+359877565352	f
612	2025-06-01 11:11:04.734968+00	2025-06-01 11:11:04.734968+00	\N	Ivan	12	11	2025-06-03 07:50:00+00	40		14	+359877565352	f
1380	2025-11-21 12:16:41.104031+00	2025-11-21 12:16:41.104031+00	\N	Александър	20	10	2025-11-21 12:50:00+00	50		22	0896201446	f
614	2025-06-02 07:22:15.695006+00	2025-06-02 07:22:15.695006+00	\N	Georgi Georgiev	13	11	2025-06-06 10:20:00+00	40		15	0896813163	f
615	2025-06-02 08:19:06.712663+00	2025-06-02 08:19:06.712663+00	\N	Illia Firsov 	13	11	2025-06-05 15:00:00+00	40	If possible apple pay	15	+359877320126	f
616	2025-06-02 09:40:06.527792+00	2025-06-02 09:40:06.527792+00	\N	Illia Firsov	13	11	2025-06-06 15:20:00+00	40	Cancel my appointment on 05jun 1000. For WhatsApp and telegram +380734986361	15	+359877320126	f
620	2025-06-03 07:53:51.733697+00	2025-06-03 07:53:51.733697+00	\N	Калоян Желев	12	11	2025-06-07 10:20:00+00	40		14	0876449801	f
621	2025-06-03 09:20:12.342038+00	2025-06-03 09:20:12.342038+00	\N	Damyan Yordanov 	13	11	2025-06-04 07:40:00+00	40		15	0884607021	f
622	2025-06-03 12:55:09.565962+00	2025-06-03 12:55:09.565962+00	\N	димитр	12	10	2025-06-03 13:40:00+00	50		14	+359888813027	f
613	2025-06-01 11:26:47.406979+00	2025-06-01 11:26:47.406979+00	2025-06-04 06:34:52.377602+00	Kağan	12	11	2025-06-06 07:00:00+00	40		14	0894201881	f
1381	2025-11-21 15:34:23.799561+00	2025-11-21 15:34:23.799561+00	\N	Юзкан	13	10	2025-11-21 16:10:00+00	50		15	0896323032	f
1382	2025-11-21 16:49:48.095976+00	2025-11-21 16:49:48.095976+00	\N	Alex	12	10	2025-11-22 12:00:00+00	50		14	0930691374	f
1383	2025-11-22 07:03:25.366217+00	2025-11-22 07:03:25.366217+00	\N	Simeon	12	10	2025-11-22 08:40:00+00	50		14	0898588411	f
1386	2025-11-22 15:08:02.616525+00	2025-11-22 15:08:02.616525+00	\N	Kostadin 	13	10	2025-11-22 16:10:00+00	50		15	0889736797	f
1387	2025-11-22 21:38:57.74884+00	2025-11-22 21:38:57.74884+00	\N	Stanislav	13	11	2025-11-30 09:00:00+00	40		15	0877852322	f
1388	2025-11-22 21:39:49.281916+00	2025-11-22 21:39:49.281916+00	\N	Александър	13	11	2025-11-30 09:40:00+00	40		15	0896393428	f
1390	2025-11-23 11:24:32.421782+00	2025-11-23 11:24:32.421782+00	\N	Ahmed	13	10	2025-11-23 12:00:00+00	50		15	+359878758065	f
1395	2025-11-24 11:00:12.34442+00	2025-11-24 11:00:12.34442+00	\N	Canko	12	11	2025-11-28 15:00:00+00	40		14	+359894201881	f
1394	2025-11-24 10:59:34.63917+00	2025-11-24 10:59:34.63917+00	2025-11-24 11:00:25.465358+00	Canko	12	11	2025-11-27 15:00:00+00	40		14	+359894201881	f
617	2025-06-02 13:29:36.737096+00	2025-06-02 13:29:36.737096+00	\N	Венцислав Тодоров	13	10	2025-06-06 07:00:00+00	50		15	0882370404	f
618	2025-06-02 13:58:26.025241+00	2025-06-02 13:58:26.025241+00	\N	Юлиян Минчев	13	11	2025-06-03 07:50:00+00	40		15	0888382290	f
619	2025-06-02 15:45:14.937796+00	2025-06-02 15:45:14.937796+00	\N	Petar	13	11	2025-06-04 15:00:00+00	40		15	0897848499	f
623	2025-06-03 16:57:24.052939+00	2025-06-03 16:57:24.052939+00	\N	Bora	13	11	2025-06-04 13:00:00+00	40		15	0876292598	f
624	2025-06-03 17:12:06.926048+00	2025-06-03 17:12:06.926048+00	\N	Нико	12	10	2025-06-04 14:30:00+00	50		14	+359877477978	f
625	2025-06-03 17:51:03.107558+00	2025-06-03 17:51:03.107558+00	\N	Ihor 	12	11	2025-06-05 09:40:00+00	40		14	+359877646983	f
626	2025-06-03 18:22:25.256036+00	2025-06-03 18:22:25.256036+00	\N	Georgi	13	10	2025-06-06 12:00:00+00	50		15	0877731327	f
627	2025-06-04 06:23:10.287402+00	2025-06-04 06:23:10.287402+00	\N	Deso	13	11	2025-06-04 07:00:00+00	40		15	0882038111	f
628	2025-06-04 08:49:57.58137+00	2025-06-04 08:49:57.58137+00	\N	Igor	12	11	2025-06-04 16:00:00+00	40		14	+359643187542	f
629	2025-06-04 08:52:16.48947+00	2025-06-04 08:52:16.48947+00	\N	Marko	12	11	2025-06-04 15:20:00+00	40		14	+359654312789	f
630	2025-06-04 12:49:57.885521+00	2025-06-04 12:49:57.885521+00	\N	Селми	13	10	2025-06-04 15:40:00+00	50		15	0899818444	f
631	2025-06-04 16:23:20.01442+00	2025-06-04 16:23:20.01442+00	\N	Tanju	15	11	2025-06-05 08:20:00+00	40		17	0897043779	f
632	2025-06-04 16:23:51.090896+00	2025-06-04 16:23:51.090896+00	\N	Мелих	13	11	2025-06-26 10:20:00+00	40		15	0890322740	f
633	2025-06-05 07:30:01.273028+00	2025-06-05 07:30:01.273028+00	\N	Taras	15	12	2025-06-06 11:00:00+00	20		17	+359228716350	f
634	2025-06-06 02:06:16.401411+00	2025-06-06 02:06:16.401411+00	\N	Orhan Ahmed	13	11	2025-06-07 11:00:00+00	40		15	0894071460	f
635	2025-06-06 07:49:01.253481+00	2025-06-06 07:49:01.253481+00	\N	Martin	13	10	2025-06-07 09:30:00+00	50		15	0892767610	f
636	2025-06-06 07:56:03.952238+00	2025-06-06 07:56:03.952238+00	\N	Кристиан Илиев	13	11	2025-06-06 09:00:00+00	40		15	0897780251	f
637	2025-06-06 14:22:23.359361+00	2025-06-06 14:22:23.359361+00	\N	DMYTRO BILIAK	13	11	2025-06-06 16:00:00+00	40		15	0882616605	f
638	2025-06-06 18:41:56.590785+00	2025-06-06 18:41:56.590785+00	\N	Filip Horvath	15	11	2025-06-08 15:00:00+00	40	.	17	0000000000	f
639	2025-06-07 07:12:00.766745+00	2025-06-07 07:12:00.766745+00	\N	Nikola	12	10	2025-06-07 16:00:00+00	50		14	+359562562562	f
640	2025-06-07 10:22:55.11621+00	2025-06-07 10:22:55.11621+00	\N	filip horvath	15	11	2025-06-07 15:00:00+00	40	.	17	0000000000	f
641	2025-06-08 06:46:34.253003+00	2025-06-08 06:46:34.253003+00	\N	Nikolai	13	11	2025-06-08 07:40:00+00	40		15	+359885192555	f
642	2025-06-09 10:39:31.824361+00	2025-06-09 10:39:31.824361+00	\N	Сергей	13	11	2025-06-15 15:00:00+00	40		15	+359886456793	f
643	2025-06-09 19:00:03.211637+00	2025-06-09 19:00:03.211637+00	\N	Vlad	13	11	2025-06-12 13:00:00+00	40		15	0890173036	f
644	2025-06-09 21:05:47.877352+00	2025-06-09 21:05:47.877352+00	\N	Michele Oliverio	13	10	2025-06-10 09:30:00+00	50		15	+359111111111	f
645	2025-06-10 07:16:26.269476+00	2025-06-10 07:16:26.269476+00	\N	Oktay	13	11	2025-06-13 09:00:00+00	40		15	0894814997	f
646	2025-06-10 10:50:37.904355+00	2025-06-10 10:50:37.904355+00	\N	Веселин Иванов	12	10	2025-06-14 07:00:00+00	50		14	0876656684	f
647	2025-06-10 19:52:52.337708+00	2025-06-10 19:52:52.337708+00	\N	Никола Овчаров	13	11	2025-06-13 07:40:00+00	40		15	0878748610	f
648	2025-06-11 08:44:33.781326+00	2025-06-11 08:44:33.781326+00	\N	Иван Даскалов	13	11	2025-06-15 07:40:00+00	40		15	0878899200	f
649	2025-06-11 13:53:06.787727+00	2025-06-11 13:53:06.787727+00	\N	Dimitar Dimitrov	13	11	2025-06-13 11:40:00+00	40		15	0877993541	f
650	2025-06-11 19:34:47.574364+00	2025-06-11 19:34:47.574364+00	\N	Viktor	13	10	2025-06-13 10:30:00+00	50		15	+359896309030	f
651	2025-06-12 05:29:18.407813+00	2025-06-12 05:29:18.407813+00	\N	Georgi Georgiev	13	11	2025-06-14 11:00:00+00	40		15	0896813163	f
652	2025-06-12 06:47:27.772454+00	2025-06-12 06:47:27.772454+00	\N	Юлиан	13	10	2025-06-12 14:30:00+00	50		15	0899373768	f
653	2025-06-12 08:21:16.996166+00	2025-06-12 08:21:16.996166+00	\N	Sergei	13	11	2025-06-12 09:00:00+00	40		15	0899061072	f
654	2025-06-12 17:00:12.271687+00	2025-06-12 17:00:12.271687+00	\N	Mihail	13	11	2025-06-13 13:40:00+00	40		15	0894661241	f
655	2025-06-12 18:26:57.328417+00	2025-06-12 18:26:57.328417+00	\N	Teodor	13	12	2025-06-13 08:40:00+00	20	Само за брада :)	15	0886834400	f
656	2025-06-13 09:17:24.387879+00	2025-06-13 09:17:24.387879+00	\N	Rini	13	11	2025-06-13 09:40:00+00	40	I go always to your collegaue, im the dutch guy, but he dont have timeslors so yoi have time and u can do it 👆🏻👆🏻👆🏻	15	+359876488262	f
657	2025-06-13 09:50:53.257172+00	2025-06-13 09:50:53.257172+00	\N	Stefano	13	10	2025-06-17 11:10:00+00	50		15	0893008292	f
658	2025-06-13 14:01:40.308361+00	2025-06-13 14:01:40.308361+00	\N	Евтим	12	11	2025-06-29 15:40:00+00	40		14	0886601246	f
659	2025-06-14 08:50:55.669367+00	2025-06-14 08:50:55.669367+00	\N	Aleksandar	12	11	2025-06-14 16:20:00+00	40		14	+359645721364	f
660	2025-06-14 10:02:12.072687+00	2025-06-14 10:02:12.072687+00	\N	Mario	12	10	2025-06-14 11:10:00+00	50		14	0883203051	f
661	2025-06-14 12:27:19.366986+00	2025-06-14 12:27:19.366986+00	\N	Тони	13	11	2025-06-14 13:00:00+00	40		15	0896669543	f
662	2025-06-14 18:32:46.242132+00	2025-06-14 18:32:46.242132+00	\N	Milcho Angelov	13	11	2025-06-15 11:00:00+00	40		15	0877020177	f
663	2025-06-15 06:47:53.977186+00	2025-06-15 06:47:53.977186+00	\N	Yordan Damyanov	13	10	2025-06-20 15:20:00+00	50		15	0889070727	f
664	2025-06-15 11:40:44.792695+00	2025-06-15 11:40:44.792695+00	\N	Стели	13	11	2025-06-19 13:00:00+00	40		15	0886763669	f
665	2025-06-15 13:49:48.647028+00	2025-06-15 13:49:48.647028+00	\N	Sachin Joseph	13	11	2025-06-18 14:20:00+00	40		15	0884822112	f
666	2025-06-16 04:49:56.569275+00	2025-06-16 04:49:56.569275+00	\N	Владимир	12	10	2025-06-17 16:10:00+00	50		14	0885977283	f
667	2025-06-16 10:36:32.648467+00	2025-06-16 10:36:32.648467+00	\N	Владимир 	12	12	2025-06-21 07:00:00+00	20		14	0889625295	f
668	2025-06-16 12:00:58.40981+00	2025-06-16 12:00:58.40981+00	\N	Danail	13	11	2025-06-18 15:00:00+00	40		15	+359887190119	f
669	2025-06-16 19:20:53.384588+00	2025-06-16 19:20:53.384588+00	\N	Simon Radanski	13	11	2025-06-17 09:40:00+00	40		15	0882490798	f
670	2025-06-16 19:58:27.887733+00	2025-06-16 19:58:27.887733+00	\N	YULIAN	12	10	2025-06-18 08:40:00+00	50		14	0899373768	f
671	2025-06-16 20:04:17.476905+00	2025-06-16 20:04:17.476905+00	\N	Mihail 	13	10	2025-06-18 08:40:00+00	50		15	0895582320	f
672	2025-06-16 21:56:15.048039+00	2025-06-16 21:56:15.048039+00	\N	Georgi Duchev	13	11	2025-06-21 16:20:00+00	40		15	0988367453	f
673	2025-06-17 05:39:28.692609+00	2025-06-17 05:39:28.692609+00	\N	Stefan	13	11	2025-06-17 16:00:00+00	40		15	0883438333	f
674	2025-06-17 08:16:08.688482+00	2025-06-17 08:16:08.688482+00	\N	Michele Oliverio	13	10	2025-06-17 08:40:00+00	50		15	+359555555555	f
675	2025-06-17 11:36:15.093442+00	2025-06-17 11:36:15.093442+00	\N	Ерик Манолков	12	11	2025-06-17 13:00:00+00	40		14	0895117717	f
676	2025-06-17 12:20:54.269991+00	2025-06-17 12:20:54.269991+00	\N	Ерик Манолков	12	11	2025-06-17 13:40:00+00	40		14	0895117717	f
677	2025-06-17 15:12:44.620991+00	2025-06-17 15:12:44.620991+00	\N	Sami-ul Ahmed	12	10	2025-06-17 15:20:00+00	50		14	0884745250	f
678	2025-06-17 17:48:48.143585+00	2025-06-17 17:48:48.143585+00	\N	Berkay Tyurkmen	13	11	2025-06-19 15:00:00+00	40		15	0892965627	f
679	2025-06-17 18:55:44.885642+00	2025-06-17 18:55:44.885642+00	\N	Dimitar	13	11	2025-06-18 15:40:00+00	40		15	0899666606	f
680	2025-06-17 21:48:35.515979+00	2025-06-17 21:48:35.515979+00	\N	Драгослав	13	11	2025-06-18 07:00:00+00	40		15	0898526798	f
681	2025-06-17 21:48:56.841478+00	2025-06-17 21:48:56.841478+00	\N	Николай	13	11	2025-06-18 07:40:00+00	40		15	0885635777	f
682	2025-06-18 09:42:36.828331+00	2025-06-18 09:42:36.828331+00	\N	Хасан	12	11	2025-06-19 07:00:00+00	40		14	+359899825651	f
683	2025-06-18 11:07:35.274918+00	2025-06-18 11:07:35.274918+00	\N	Evgeni 	13	11	2025-06-18 11:40:00+00	40		15	0877700459	f
684	2025-06-18 11:10:19.660993+00	2025-06-18 11:10:19.660993+00	\N	Georgi Georgiev	13	11	2025-06-22 11:00:00+00	40		15	0896813163	f
685	2025-06-19 07:57:12.474162+00	2025-06-19 07:57:12.474162+00	\N	Ivan Gradev	12	10	2025-06-19 10:20:00+00	50		14	0886612366	f
686	2025-06-19 11:53:38.494945+00	2025-06-19 11:53:38.494945+00	\N	Deso	13	11	2025-06-19 16:20:00+00	40		15	0882038111	f
687	2025-06-19 14:43:30.993158+00	2025-06-19 14:43:30.993158+00	\N	Deniz Barbaros Selik	13	11	2025-06-19 15:40:00+00	40		15	+359893460874	f
688	2025-06-19 18:20:02.392276+00	2025-06-19 18:20:02.392276+00	\N	Orhan Ahmed	13	11	2025-06-21 09:40:00+00	40		15	0894071460	f
689	2025-06-19 22:25:50.432075+00	2025-06-19 22:25:50.432075+00	\N	Nixon 	13	10	2025-06-21 10:20:00+00	50		15	+359876352165	f
690	2025-06-20 00:04:17.893355+00	2025-06-20 00:04:17.893355+00	\N	Strahil Vetrenski	13	10	2025-06-20 07:00:00+00	50		15	0889207542	f
691	2025-06-20 10:12:39.262078+00	2025-06-20 10:12:39.262078+00	\N	Стелиян Димитров	12	11	2025-06-22 09:40:00+00	40		14	0877335399	f
692	2025-06-20 11:34:21.832655+00	2025-06-20 11:34:21.832655+00	\N	Rayyan 	13	11	2025-06-20 12:20:00+00	40	German number +4917676958161	15	0049176769	f
693	2025-06-20 11:35:17.806513+00	2025-06-20 11:35:17.806513+00	\N	Davut	13	11	2025-06-20 13:00:00+00	40	Same as before 	15	0049176769	f
694	2025-06-20 13:19:11.740326+00	2025-06-20 13:19:11.740326+00	\N	Димитр	12	10	2025-06-20 14:30:00+00	50		14	+359888813027	f
695	2025-06-20 15:12:31.746675+00	2025-06-20 15:12:31.746675+00	\N	Vinit	13	10	2025-06-25 08:40:00+00	50		15	0791479276	f
696	2025-06-20 15:41:04.461016+00	2025-06-20 15:41:04.461016+00	\N	Коста Костов	13	11	2025-06-22 09:40:00+00	40		15	0886953775	f
697	2025-06-20 17:37:07.364891+00	2025-06-20 17:37:07.364891+00	\N	Мартин	13	11	2025-06-21 07:00:00+00	40		15	0899850099	f
698	2025-06-21 06:25:41.138637+00	2025-06-21 06:25:41.138637+00	\N	Kristiyan Kolev	13	12	2025-06-21 07:40:00+00	20	Ще желая оформяне на брадата и бакембардите	15	0893606282	f
699	2025-06-21 08:02:01.293584+00	2025-06-21 08:02:01.293584+00	\N	Nikola	12	11	2025-06-21 16:20:00+00	40		14	+359645123461	f
700	2025-06-21 10:47:53.653968+00	2025-06-21 10:47:53.653968+00	\N	Владимир 	12	10	2025-06-21 15:20:00+00	50		14	0886990994	f
701	2025-06-21 10:49:07.101321+00	2025-06-21 10:49:07.101321+00	\N	Кирил 	12	11	2025-06-21 13:40:00+00	40	Постригване за дете	14	0886990994	f
702	2025-06-21 10:49:53.711283+00	2025-06-21 10:49:53.711283+00	\N	Тима	12	11	2025-06-21 14:20:00+00	40	Постригване за дете	14	0886990994	f
703	2025-06-21 10:55:52.365348+00	2025-06-21 10:55:52.365348+00	\N	Moana	13	11	2025-06-22 07:40:00+00	40		15	0895111649	f
704	2025-06-21 16:57:37.061755+00	2025-06-21 16:57:37.061755+00	\N	Георги	13	11	2025-06-22 07:00:00+00	40		15	0898662344	f
706	2025-06-22 10:49:17.129264+00	2025-06-22 10:49:17.129264+00	\N	Оксел	13	11	2025-06-24 07:00:00+00	40		15	0897836543	f
707	2025-06-22 17:08:16.838416+00	2025-06-22 17:08:16.838416+00	\N	STANISLAV STOYCHEV	13	10	2025-06-25 14:30:00+00	50		15	0893484247	f
708	2025-06-22 18:15:15.161446+00	2025-06-22 18:15:15.161446+00	\N	Milcho Angelov	13	11	2025-06-26 15:00:00+00	40		15	0877020177	f
709	2025-06-23 02:07:39.968371+00	2025-06-23 02:07:39.968371+00	\N	Oktay	13	11	2025-06-24 10:20:00+00	40		15	0894814997	f
710	2025-06-23 13:06:42.516789+00	2025-06-23 13:06:42.516789+00	\N	Damyan Yordanov	13	11	2025-06-24 07:40:00+00	40		15	0884607021	f
711	2025-06-23 15:06:52.292882+00	2025-06-23 15:06:52.292882+00	\N	Hristiyan Todorov	12	10	2025-07-05 12:00:00+00	50		14	0896034241	f
712	2025-06-23 15:18:13.352143+00	2025-06-23 15:18:13.352143+00	\N	Momcilo	12	10	2025-06-24 16:10:00+00	50		14	+359461342859	f
713	2025-06-23 15:22:57.10486+00	2025-06-23 15:22:57.10486+00	\N	Ognjen	15	10	2025-06-24 16:10:00+00	50		17	+359236591234	f
714	2025-06-23 17:11:36.444312+00	2025-06-23 17:11:36.444312+00	\N	Momcil	12	10	2025-06-24 07:50:00+00	50		14	0894201881	f
715	2025-06-23 19:34:32.368659+00	2025-06-23 19:34:32.368659+00	\N	Viktor	13	10	2025-06-27 07:00:00+00	50		15	0896309030	f
716	2025-06-23 19:42:39.426782+00	2025-06-23 19:42:39.426782+00	\N	Никола 	13	11	2025-06-26 07:40:00+00	40		15	0878748610	f
717	2025-06-24 13:31:43.659214+00	2025-06-24 13:31:43.659214+00	\N	Иван Даскалов	13	11	2025-06-26 07:00:00+00	40		15	0878899200	f
705	2025-06-21 17:26:03.736415+00	2025-06-21 17:26:03.736415+00	2025-06-24 15:59:36.446717+00	İvo	12	10	2025-06-25 13:40:00+00	50		14	0894201881	f
718	2025-06-24 17:19:42.712525+00	2025-06-24 17:19:42.712525+00	\N	Владимир 	12	12	2025-06-28 07:00:00+00	20		14	0889625295	f
719	2025-06-25 05:38:11.467709+00	2025-06-25 05:38:11.467709+00	\N	Nenad	12	11	2025-06-25 14:20:00+00	40		14	+359465781234	f
720	2025-06-25 05:39:02.376703+00	2025-06-25 05:39:02.376703+00	\N	Nikola	12	11	2025-06-25 16:20:00+00	40		14	+359457673452	f
721	2025-06-25 10:13:05.551375+00	2025-06-25 10:13:05.551375+00	\N	Веселин Иванов	13	10	2025-06-25 16:10:00+00	50	И вежди 	15	0876656684	f
722	2025-06-25 10:32:41.004723+00	2025-06-25 10:32:41.004723+00	\N	Кристиян Драгоев	13	10	2025-06-25 15:20:00+00	50		15	0885616827	f
723	2025-06-25 12:54:17.428221+00	2025-06-25 12:54:17.428221+00	\N	Nikola Tabakovic	12	10	2025-06-27 16:10:00+00	50		14	+359623187264	f
724	2025-06-25 12:55:10.167835+00	2025-06-25 12:55:10.167835+00	\N	Filip Stanojevic	15	10	2025-06-27 16:10:00+00	50		17	+359612864923	f
725	2025-06-25 14:53:37.886692+00	2025-06-25 14:53:37.886692+00	\N	Димитър Иванов	13	10	2025-06-26 08:20:00+00	50		15	0895041036	f
726	2025-06-26 10:52:07.473413+00	2025-06-26 10:52:07.473413+00	\N	Dušan	12	10	2025-06-27 15:20:00+00	50		14	+359467543154	f
727	2025-06-26 10:52:56.211152+00	2025-06-26 10:52:56.211152+00	\N	Igor	15	10	2025-06-27 15:20:00+00	50		17	+359643154845	f
728	2025-06-26 12:29:54.781769+00	2025-06-26 12:29:54.781769+00	\N	Tanju Mehdiev	15	11	2025-06-27 07:40:00+00	40		17	0897043779	f
729	2025-06-26 14:28:55.650465+00	2025-06-26 14:28:55.650465+00	\N	Мартин	13	11	2025-06-28 09:00:00+00	40		15	0899850099	f
730	2025-06-26 14:29:39.71166+00	2025-06-26 14:29:39.71166+00	\N	Алекс	13	11	2025-06-28 09:40:00+00	40		15	0899850099	f
731	2025-06-26 16:16:45.933418+00	2025-06-26 16:16:45.933418+00	\N	Александър Петров	13	11	2025-06-27 07:50:00+00	40		15	0894276673	f
732	2025-06-26 17:43:33.878436+00	2025-06-26 17:43:33.878436+00	\N	Georgi	13	11	2025-06-28 07:00:00+00	40		15	0894440302	f
733	2025-06-27 20:04:04.798772+00	2025-06-27 20:04:04.798772+00	\N	Емил 	12	10	2025-06-28 09:00:00+00	50		14	0895863400	f
734	2025-06-28 07:55:23.271084+00	2025-06-28 07:55:23.271084+00	\N	Martin	12	12	2025-06-29 11:00:00+00	20		14	0887319806	f
735	2025-06-28 08:28:44.86428+00	2025-06-28 08:28:44.86428+00	\N	Радослав Радев	12	10	2025-06-28 09:50:00+00	50		14	0894666113	f
736	2025-06-28 10:01:16.820961+00	2025-06-28 10:01:16.820961+00	\N	Andrii	12	11	2025-06-28 12:00:00+00	40	Много слабо говоря българский но всичко розбирам :D	14	0886579875	f
737	2025-06-28 13:24:18.497886+00	2025-06-28 13:24:18.497886+00	\N	Aleksandar	12	11	2025-06-29 16:20:00+00	40		14	+359764318738	f
739	2025-06-28 21:29:03.851423+00	2025-06-28 21:29:03.851423+00	\N	Димитр 	12	10	2025-06-29 14:40:00+00	50		14	+359888813027	f
740	2025-06-29 08:50:45.634114+00	2025-06-29 08:50:45.634114+00	\N	Rini	12	11	2025-06-29 09:40:00+00	40	👆🏻	14	+359876488262	f
741	2025-06-29 10:59:55.373689+00	2025-06-29 10:59:55.373689+00	\N	Yevhen	15	11	2025-06-29 15:40:00+00	40	I don’t speak Bulgarian, I’ll show you a photo of the haircut	17	+359886244009	f
742	2025-06-30 07:09:36.970787+00	2025-06-30 07:09:36.970787+00	\N	Georgi Georgiev	13	11	2025-07-04 13:40:00+00	40		15	0896813163	f
743	2025-06-30 20:46:42.379883+00	2025-06-30 20:46:42.379883+00	\N	Dimitar Dimitrov	13	11	2025-07-01 11:00:00+00	40		15	0877993541	f
744	2025-06-30 23:04:39.950959+00	2025-06-30 23:04:39.950959+00	\N	Daniel 	13	11	2025-07-05 11:00:00+00	40		15	0876858696	f
745	2025-07-01 12:26:59.834574+00	2025-07-01 12:26:59.834574+00	\N	Orhan Ahmed	13	11	2025-07-04 10:20:00+00	40		15	0894071460	f
746	2025-07-01 13:35:37.113552+00	2025-07-01 13:35:37.113552+00	\N	Петър Стоянов 	13	11	2025-07-02 09:00:00+00	40		15	0899216684	f
747	2025-07-01 13:36:31.994101+00	2025-07-01 13:36:31.994101+00	\N	Дениз Билир	13	11	2025-07-02 09:40:00+00	40		15	0897968057	f
748	2025-07-02 11:02:32.574548+00	2025-07-02 11:02:32.574548+00	\N	Владимир 	12	12	2025-07-05 07:00:00+00	20		14	+359889625295	f
749	2025-07-02 19:55:46.449292+00	2025-07-02 19:55:46.449292+00	\N	Mustafa	13	11	2025-07-11 16:20:00+00	40		15	+359887652990	f
750	2025-07-02 21:47:13.101324+00	2025-07-02 21:47:13.101324+00	\N	Oktay Ahmed	13	11	2025-07-04 14:20:00+00	40		15	0894814997	f
751	2025-07-03 05:40:36.932408+00	2025-07-03 05:40:36.932408+00	\N	Nikola	12	10	2025-07-03 07:00:00+00	50		14	0892352992	f
752	2025-07-03 06:20:27.865306+00	2025-07-03 06:20:27.865306+00	\N	Milen Marinov	12	11	2025-07-03 09:10:00+00	40		14	0882870401	f
753	2025-07-03 06:26:18.815988+00	2025-07-03 06:26:18.815988+00	\N	Eva Teixeira	12	11	2025-07-03 10:30:00+00	40		14	+359782547827	f
754	2025-07-03 18:57:46.160905+00	2025-07-03 18:57:46.160905+00	\N	Десо	13	11	2025-07-04 08:20:00+00	40		15	0882038111	f
755	2025-07-04 04:32:15.191844+00	2025-07-04 04:32:15.191844+00	\N	Dimitar	12	11	2025-07-04 10:20:00+00	40		14	0878682560	f
756	2025-07-04 08:57:55.773471+00	2025-07-04 08:57:55.773471+00	\N	Momcilo 	12	10	2025-07-05 16:10:00+00	50		14	+359236519726	f
757	2025-07-04 12:39:15.502556+00	2025-07-04 12:39:15.502556+00	\N	Marko	12	11	2025-07-04 16:20:00+00	40		14	+359582648992	f
758	2025-07-04 12:40:32.06031+00	2025-07-04 12:40:32.06031+00	\N	Darko	13	11	2025-07-04 16:20:00+00	40		15	+359333245452	f
759	2025-07-04 12:41:32.091379+00	2025-07-04 12:41:32.091379+00	\N	Zarko	15	11	2025-07-04 16:20:00+00	40		17	+359884256386	f
760	2025-07-04 13:41:55.56229+00	2025-07-04 13:41:55.56229+00	\N	Aleksandar Ivanov	13	10	2025-07-20 12:50:00+00	50		15	0892034137	f
761	2025-07-04 14:01:14.387634+00	2025-07-04 14:01:14.387634+00	\N	Йордан	13	11	2025-07-05 07:00:00+00	40		15	0894312716	f
762	2025-07-04 16:31:49.376944+00	2025-07-04 16:31:49.376944+00	\N	Traore  Daouda	13	10	2025-07-05 08:30:00+00	50		15	0621882257	f
763	2025-07-04 18:09:55.607968+00	2025-07-04 18:09:55.607968+00	\N	Сергей	12	10	2025-07-05 08:10:00+00	50		14	+359877565352	f
764	2025-07-04 18:15:36.890864+00	2025-07-04 18:15:36.890864+00	\N	Иван	15	11	2025-07-05 08:20:00+00	40		17	+359877565352	f
765	2025-07-04 21:33:48.159091+00	2025-07-04 21:33:48.159091+00	\N	Stoil	13	11	2025-07-05 11:40:00+00	40		15	0893004990	f
766	2025-07-05 06:44:03.967329+00	2025-07-05 06:44:03.967329+00	\N	Andrian	13	10	2025-07-05 07:40:00+00	50		15	0886601612	f
767	2025-07-05 07:46:14.945269+00	2025-07-05 07:46:14.945269+00	\N	Isco	12	10	2025-07-05 13:40:00+00	50		14	0894201881	f
768	2025-07-05 08:37:42.732548+00	2025-07-05 08:37:42.732548+00	\N	Radostin Kostadinov	13	11	2025-07-05 16:20:00+00	40		15	0886295586	f
738	2025-06-28 13:43:04.987163+00	2025-08-02 13:08:07.245175+00	\N	Nikola	13	10	2025-08-02 13:40:00+00	50		15	+359888466661	t
770	2025-07-05 12:47:36.247037+00	2025-07-05 12:47:36.247037+00	\N	Kristiyan Kolev	13	10	2025-07-05 13:40:00+00	50		15	0893606282	f
771	2025-07-05 13:08:48.129517+00	2025-07-05 13:08:48.129517+00	\N	Daniel	13	11	2025-07-06 08:20:00+00	40		15	+359879060736	f
772	2025-07-05 14:36:21.241003+00	2025-07-05 14:36:21.241003+00	\N	Ivan Ivanov	15	11	2025-07-05 16:20:00+00	40		17	0878663857	f
773	2025-07-05 21:56:56.20691+00	2025-07-05 21:56:56.20691+00	\N	Виктор Георгиев	13	10	2025-07-08 16:10:00+00	50	Здравей може да закаснея 5-10 минутка максимум понеже ще пътувам към Варна . Благодаря Лека вечер!	15	0887231019	f
774	2025-07-06 03:22:05.255211+00	2025-07-06 03:22:05.255211+00	\N	Georgi	12	11	2025-07-06 07:00:00+00	40		14	0877714618	f
775	2025-07-06 04:16:46.285442+00	2025-07-06 04:16:46.285442+00	\N	filip horvath	15	11	2025-07-06 14:20:00+00	40	.	17	0000000000	f
776	2025-07-06 05:12:59.031634+00	2025-07-06 05:12:59.031634+00	\N	İsco	12	13	2025-07-06 07:40:00+00	60		14	0894201881	f
777	2025-07-06 05:13:27.388153+00	2025-07-06 05:13:27.388153+00	\N	İsco	12	13	2025-07-06 08:40:00+00	60		14	0894201881	f
778	2025-07-06 05:13:51.842924+00	2025-07-06 05:13:51.842924+00	\N	İsco	12	13	2025-07-06 09:40:00+00	60		14	0894201881	f
779	2025-07-06 15:13:50.163117+00	2025-07-06 15:13:50.163117+00	\N	berk	13	10	2025-07-06 16:10:00+00	50	İletişim whatsapp aktif	15	0882997015	f
780	2025-07-07 13:01:10.91888+00	2025-07-07 13:01:10.91888+00	\N	Кирилл	13	11	2025-07-08 10:20:00+00	40		15	0884469705	f
781	2025-07-07 14:25:15.998211+00	2025-07-07 14:25:15.998211+00	\N	Оксел 	13	11	2025-07-08 09:40:00+00	40		15	0897836543	f
769	2025-07-05 10:07:23.598305+00	2025-07-29 09:28:07.43303+00	\N	İsco	12	13	2025-07-29 10:00:00+00	60	Baba oğul	14	0894201881	t
782	2025-07-08 17:08:51.104648+00	2025-07-08 17:08:51.104648+00	\N	Владимир Моллов	12	12	2025-07-12 13:20:00+00	20		14	+359889625295	f
783	2025-07-08 18:54:19.417631+00	2025-07-08 18:54:19.417631+00	\N	Юлиян Минчев	13	10	2025-07-09 13:40:00+00	50		15	0888382290	f
785	2025-07-09 09:42:07.476516+00	2025-07-09 09:42:07.476516+00	\N	Viktor	13	10	2025-07-11 07:00:00+00	50		15	0896309030	f
787	2025-07-09 18:37:49.079284+00	2025-07-09 18:37:49.079284+00	\N	Ivo Simeonov	13	11	2025-07-12 11:00:00+00	40		15	0886885708	f
786	2025-07-09 10:11:55.260589+00	2025-07-29 08:28:07.382596+00	\N	İsco	12	13	2025-07-29 09:00:00+00	60	Bullmag	14	0894201881	t
784	2025-07-09 08:29:39.136092+00	2025-07-09 08:29:39.136092+00	\N	Dylan de Zwart	13	11	2025-07-09 11:00:00+00	40	I will be there +- 13u10	15	0469183696	f
788	2025-07-09 18:40:55.288755+00	2025-07-09 18:40:55.288755+00	\N	Sylvester	13	11	2025-07-12 11:40:00+00	40		15	0488287495	f
789	2025-07-10 05:15:29.560494+00	2025-07-10 05:15:29.560494+00	\N	Oleksii	13	10	2025-07-10 12:50:00+00	50		15	0960283141	f
790	2025-07-10 06:23:58.043109+00	2025-07-10 06:23:58.043109+00	\N	Владимир	12	10	2025-07-10 15:20:00+00	50		14	+359885977283	f
791	2025-07-10 06:35:17.313526+00	2025-07-10 06:35:17.313526+00	\N	Димо Ганчев	13	10	2025-07-12 07:50:00+00	50	😁	15	0894370474	f
792	2025-07-10 06:59:00.722283+00	2025-07-10 06:59:00.722283+00	\N	Владислав 	12	11	2025-07-10 16:10:00+00	40		14	+359882416677	f
793	2025-07-10 07:25:31.934568+00	2025-07-10 07:25:31.934568+00	\N	Станислав Стойчев	13	10	2025-07-11 14:30:00+00	50		15	0893484247	f
794	2025-07-10 09:07:29.450741+00	2025-07-10 09:07:29.450741+00	\N	Ilir Ademaj	13	10	2025-07-10 10:20:00+00	50		15	0787703999	f
795	2025-07-10 09:08:14.588675+00	2025-07-10 09:08:14.588675+00	\N	Fabian Lorito	15	10	2025-07-10 10:20:00+00	50		17	0787703999	f
796	2025-07-10 09:26:37.477052+00	2025-07-10 09:26:37.477052+00	\N	Sascha Hegglin	12	10	2025-07-10 10:20:00+00	50		14	0787703999	f
797	2025-07-10 11:52:26.747199+00	2025-07-10 11:52:26.747199+00	\N	Biser Georgiev	15	11	2025-07-11 13:00:00+00	40		17	0878290043	f
798	2025-07-10 13:35:22.879211+00	2025-07-10 13:35:22.879211+00	\N	Mihail Mladenov	13	11	2025-07-11 08:30:00+00	40		15	0895582320	f
799	2025-07-10 14:29:28.219959+00	2025-07-10 14:29:28.219959+00	\N	Valentin	12	12	2025-07-10 14:40:00+00	20		14	0877762477	f
800	2025-07-10 18:05:02.700038+00	2025-07-10 18:05:02.700038+00	\N	Viktor	12	11	2025-07-12 07:00:00+00	40		14	0877221101	f
801	2025-07-11 05:18:46.761994+00	2025-07-11 05:18:46.761994+00	\N	Radoslav Radev	12	10	2025-07-11 16:10:00+00	50		14	0894666113	f
802	2025-07-11 05:22:16.920289+00	2025-07-11 05:22:16.920289+00	\N	Александър 	15	11	2025-07-11 14:20:00+00	40		17	0897359404	f
803	2025-07-11 07:02:11.296238+00	2025-07-11 07:02:11.296238+00	\N	Стелиян Димитров	12	11	2025-07-12 16:20:00+00	40		14	0877335399	f
804	2025-07-11 07:46:26.88881+00	2025-07-11 07:46:26.88881+00	\N	Orhan Ahmed	13	11	2025-07-15 09:00:00+00	40		15	0894071460	f
805	2025-07-11 09:23:49.732712+00	2025-07-11 09:23:49.732712+00	\N	Цветан Панчев	12	10	2025-07-11 10:20:00+00	50		14	0897803669	f
806	2025-07-11 12:44:22.857465+00	2025-07-11 12:44:22.857465+00	\N	Oktay Ahmed	13	11	2025-07-15 11:00:00+00	40		15	0894814997	f
807	2025-07-12 06:30:09.563273+00	2025-07-12 06:30:09.563273+00	2025-07-12 06:30:33.024078+00	Zenci	12	13	2025-07-12 11:40:00+00	60		14	0894201881	f
808	2025-07-12 06:30:56.788795+00	2025-07-12 06:30:56.788795+00	\N	Zenci	12	13	2025-07-12 11:40:00+00	60		14	0894201881	f
809	2025-07-12 07:22:35.590333+00	2025-07-12 07:22:35.590333+00	\N	Georgi Georgiev	13	11	2025-07-12 08:40:00+00	40		15	0896813163	f
810	2025-07-12 07:54:46.563521+00	2025-07-12 07:54:46.563521+00	\N	Vladimir	12	10	2025-07-12 15:20:00+00	50		14	+359885977283	f
811	2025-07-12 07:56:02.676495+00	2025-07-12 07:56:02.676495+00	\N	Vlad	12	11	2025-07-12 14:20:00+00	40		14	+359882416677	f
816	2025-07-12 17:08:44.872559+00	2025-07-29 14:38:08.251617+00	\N	İsco	12	10	2025-07-29 15:10:00+00	50	Dimitar rusnak	14	0864201881	t
815	2025-07-12 17:08:09.096514+00	2025-07-30 15:48:07.185477+00	\N	İsco	12	11	2025-07-30 16:20:00+00	40	Stiliyan 6 nomer	14	0894201881	t
814	2025-07-12 14:41:50.995802+00	2025-07-12 14:41:50.995802+00	\N	Марио	13	10	2025-07-12 15:20:00+00	50		15	0883203051	f
824	2025-07-13 20:47:17.832174+00	2025-08-06 06:28:07.335463+00	\N	Chadly	13	10	2025-08-06 07:00:00+00	50		15	0897967961	t
813	2025-07-12 14:11:09.896853+00	2025-07-30 15:28:07.376804+00	\N	İsco	12	12	2025-07-30 16:00:00+00	20	Mollov	14	0894201881	t
817	2025-07-12 17:27:40.161501+00	2025-07-12 17:27:40.161501+00	\N	Melih	13	10	2025-07-15 09:40:00+00	50		15	+359895108785	f
818	2025-07-12 18:12:02.079674+00	2025-07-12 18:12:02.079674+00	\N	Radoslav Draganov	13	10	2025-07-13 07:00:00+00	50		15	0877788431	f
819	2025-07-12 18:37:34.554975+00	2025-07-12 18:37:34.554975+00	\N	Ivan Gradev	15	10	2025-07-13 07:00:00+00	50		17	0886612366	f
820	2025-07-12 19:12:11.387933+00	2025-07-12 19:12:11.387933+00	\N	Борис	15	11	2025-07-13 09:10:00+00	40		17	0895372209	f
821	2025-07-13 10:30:23.115982+00	2025-07-13 10:30:23.115982+00	\N	filip 	13	11	2025-07-13 11:00:00+00	40	.	15	0000000000	f
822	2025-07-13 15:08:45.689054+00	2025-07-13 15:08:45.689054+00	\N	Владимир Вълчев 	13	10	2025-07-15 07:50:00+00	50		15	0449848243	f
823	2025-07-13 18:09:28.945044+00	2025-07-13 18:09:28.945044+00	\N	Erik	13	11	2025-07-15 07:00:00+00	40		15	0895117717	f
825	2025-07-14 06:39:39.033339+00	2025-07-14 06:39:39.033339+00	\N	Chadly	13	10	2025-07-16 16:10:00+00	50		15	0897967961	f
826	2025-07-14 06:40:41.333775+00	2025-07-14 06:40:41.333775+00	\N	Burhan Pir	13	13	2025-07-15 11:40:00+00	60		15	0879555459	f
827	2025-07-14 06:40:57.23705+00	2025-07-14 06:40:57.23705+00	\N	Burhan Pir	13	13	2025-07-15 12:40:00+00	60		15	0879555459	f
828	2025-07-14 06:41:10.289811+00	2025-07-14 06:41:10.289811+00	\N	Burhan Pir	13	13	2025-07-15 15:40:00+00	60		15	0879555459	f
829	2025-07-14 06:41:23.821324+00	2025-07-14 06:41:23.821324+00	\N	Burhan Pir	13	13	2025-07-15 14:40:00+00	60		15	0879555459	f
830	2025-07-14 06:41:36.592523+00	2025-07-14 06:41:36.592523+00	\N	Burhan Pir	13	13	2025-07-15 13:40:00+00	60		15	0879555459	f
831	2025-07-14 15:25:21.300909+00	2025-07-14 15:25:21.300909+00	\N	Боян Михайлов 	13	11	2025-07-16 08:20:00+00	40		15	0887646549	f
832	2025-07-14 18:41:49.252776+00	2025-07-14 18:41:49.252776+00	\N	Денис	13	11	2025-07-18 08:20:00+00	40		15	0889570103	f
833	2025-07-15 11:01:17.255665+00	2025-07-15 11:01:17.255665+00	\N	Tanju	15	10	2025-07-16 14:30:00+00	50		17	0897043779	f
834	2025-07-15 12:41:12.044546+00	2025-07-15 12:41:12.044546+00	\N	Руслан 	15	11	2025-07-15 13:00:00+00	40		17	0884054969	f
835	2025-07-15 13:59:29.417561+00	2025-07-15 13:59:29.417561+00	\N	Ивайло Неделчев 	13	11	2025-07-16 07:00:00+00	40	11 години	15	0899015260	f
836	2025-07-15 14:00:08.216978+00	2025-07-15 14:00:08.216978+00	\N	Борис Неделчев 	13	11	2025-07-16 07:40:00+00	40	7 години	15	0899015260	f
837	2025-07-15 15:18:27.348479+00	2025-07-15 15:18:27.348479+00	\N	Asan	13	10	2025-07-18 09:00:00+00	50		15	0892034137	f
838	2025-07-15 18:11:49.945292+00	2025-07-15 18:11:49.945292+00	\N	Методи Методиев	13	10	2025-07-16 09:00:00+00	50		15	0896783755	f
839	2025-07-15 19:40:37.602474+00	2025-07-15 19:40:37.602474+00	\N	Benjamin Moghaddam	13	13	2025-07-16 10:50:00+00	60	No special requests	15	0046736548	f
840	2025-07-15 19:42:51.799477+00	2025-07-15 19:42:51.799477+00	\N	Thalal elhagagi	13	10	2025-07-16 11:50:00+00	50		15	0736548543	f
812	2025-07-12 12:21:10.6647+00	2025-07-29 11:18:07.244353+00	\N	İsco	12	10	2025-07-29 11:50:00+00	50	Yulian 1num sakal	14	0894201881	t
841	2025-07-15 23:55:55.945267+00	2025-07-15 23:55:55.945267+00	\N	Krasi	13	10	2025-07-16 14:20:00+00	50		15	0359012254	f
842	2025-07-16 06:57:27.952717+00	2025-07-16 06:57:27.952717+00	\N	Berkay Tyurkmen	13	11	2025-07-17 15:00:00+00	40		15	0892965627	f
843	2025-07-16 10:25:43.102715+00	2025-07-16 10:25:43.102715+00	\N	Leon Jackel	13	11	2025-07-16 12:40:00+00	40	Correct phone no. +491749068869	15	0174906886	f
844	2025-07-16 11:12:38.067226+00	2025-07-16 11:12:38.067226+00	\N	Milcho Angelov	13	11	2025-07-18 07:40:00+00	40		15	0877020177	f
845	2025-07-16 11:39:48.596444+00	2025-07-16 11:39:48.596444+00	\N	Sali asenov	13	10	2025-07-17 08:40:00+00	50		15	0157506109	f
846	2025-07-16 12:46:11.718577+00	2025-07-16 12:46:11.718577+00	\N	Georgi Georgiev	13	11	2025-07-17 15:40:00+00	40		15	0896813163	f
847	2025-07-16 19:01:23.860733+00	2025-07-16 19:01:23.860733+00	\N	Mihail	13	11	2025-07-17 14:10:00+00	40		15	0894661241	f
848	2025-07-16 21:53:13.696058+00	2025-07-16 21:53:13.696058+00	\N	Mustafa 	13	10	2025-07-20 07:00:00+00	50		15	0892777546	f
849	2025-07-17 05:37:35.605756+00	2025-07-17 05:37:35.605756+00	\N	Nikola	13	10	2025-07-17 07:00:00+00	50		15	0892352992	f
850	2025-07-17 06:41:17.006119+00	2025-07-17 06:41:17.006119+00	\N	Георги	13	11	2025-07-17 09:30:00+00	40		15	0895095645	f
851	2025-07-17 07:19:44.062737+00	2025-07-17 07:19:44.062737+00	\N	Alexander Kusminov	13	10	2025-07-18 09:50:00+00	50		15	+359898496449	f
852	2025-07-18 08:03:07.996933+00	2025-07-18 08:03:07.996933+00	\N	Stilyan Nikolov	15	10	2025-07-18 10:20:00+00	50		17	0885892442	f
853	2025-07-18 08:03:55.755538+00	2025-07-18 08:03:55.755538+00	\N	Nikola	13	10	2025-07-18 10:40:00+00	50		15	0889302605	f
854	2025-07-18 09:09:02.178174+00	2025-07-18 09:09:02.178174+00	\N	Sergii	15	10	2025-07-19 09:30:00+00	50		17	+359886625954	f
855	2025-07-18 10:12:29.253219+00	2025-07-18 10:12:29.253219+00	\N	Plamen Kutsarov	13	11	2025-07-19 09:40:00+00	40		15	0882863144	f
856	2025-07-18 10:42:52.210597+00	2025-07-18 10:42:52.210597+00	\N	Sechil	13	11	2025-07-18 13:30:00+00	40		15	0877334459	f
857	2025-07-18 12:30:40.869649+00	2025-07-18 12:30:40.869649+00	\N	Владислав	15	11	2025-07-18 15:40:00+00	40		17	+359877504993	f
858	2025-07-18 13:04:10.778996+00	2025-07-18 13:04:10.778996+00	\N	Test	20	12	2025-07-22 07:40:00+00	20	test	22	0877407717	f
859	2025-07-18 13:06:49.516008+00	2025-07-18 13:06:49.516008+00	\N	Test	20	12	2025-07-22 09:20:00+00	20	asda	22	0877407717	f
860	2025-07-18 13:07:35.222546+00	2025-07-18 13:07:35.222546+00	\N	test	21	12	2025-07-22 07:40:00+00	20	asd	23	0877407717	f
861	2025-07-18 13:08:01.438951+00	2025-07-18 13:08:01.438951+00	\N	Test	19	12	2025-07-23 08:00:00+00	20	asd	21	0877407717	f
862	2025-07-18 13:08:33.126077+00	2025-07-18 13:08:33.126077+00	\N	Test	20	12	2025-07-22 08:00:00+00	20	asd	22	0877407717	f
863	2025-07-18 13:27:24.083938+00	2025-07-18 13:27:24.083938+00	\N	Alexander	13	11	2025-07-18 16:10:00+00	40	-	15	0645610751	f
864	2025-07-19 04:03:01.845096+00	2025-07-19 04:03:01.845096+00	\N	Веселин Иванов	15	10	2025-07-19 12:00:00+00	50	И вежди 	17	0876656684	f
865	2025-07-19 04:58:42.138378+00	2025-07-19 04:58:42.138378+00	\N	Дмитрий	13	10	2025-07-19 16:10:00+00	50		15	+359888813027	f
866	2025-07-19 06:16:29.307047+00	2025-07-19 06:16:29.307047+00	\N	Damyan Yordanov	13	11	2025-07-20 07:50:00+00	40		15	0884607021	f
867	2025-07-19 09:56:57.856841+00	2025-07-19 09:56:57.856841+00	\N	Оксел	13	11	2025-07-20 09:50:00+00	40		15	0897836543	f
868	2025-07-19 10:54:36.148929+00	2025-07-19 10:54:36.148929+00	\N	Дмитрий	13	10	2025-07-19 12:50:00+00	50		15	+359888813027	f
869	2025-07-19 11:26:55.859209+00	2025-07-19 11:26:55.859209+00	\N	David	13	11	2025-07-20 11:50:00+00	40	Only +4368184590065 is valid number	15	+359123456789	f
870	2025-07-19 16:23:25.825715+00	2025-07-19 16:23:25.825715+00	\N	Lasha	13	10	2025-07-20 13:40:00+00	50		15	0884726931	f
871	2025-07-19 16:37:55.81477+00	2025-07-19 16:37:55.81477+00	\N	Test	21	12	2025-07-19 16:40:00+00	20	Hahah	23	0707848845	f
872	2025-07-19 17:32:55.142992+00	2025-07-19 17:32:55.142992+00	\N	Yashar Yashar	13	10	2025-07-20 10:30:00+00	50		15	0887345169	f
874	2025-07-20 11:58:18.103196+00	2025-07-20 11:58:18.103196+00	\N	David	13	11	2025-07-22 11:40:00+00	40	Only +4368184590065 is valid number	15	+359123456789	f
875	2025-07-20 12:57:25.664927+00	2025-07-20 12:57:25.664927+00	\N	Kiril minchev	21	10	2025-07-20 13:40:00+00	50		23	0899925491	f
876	2025-07-21 07:32:45.232017+00	2025-07-21 07:32:45.232017+00	\N	Eva Teixeira	13	12	2025-07-22 09:00:00+00	20		15	0782547827	f
877	2025-07-21 15:28:06.141141+00	2025-07-21 15:28:06.141141+00	\N	Александр  	21	11	2025-07-22 12:40:00+00	40		23	0685992416	f
878	2025-07-22 07:12:52.645155+00	2025-07-22 07:12:52.645155+00	\N	Денис	13	10	2025-07-22 09:20:00+00	50		15	0897816187	f
879	2025-07-22 07:27:09.881068+00	2025-07-22 07:27:09.881068+00	\N	Altimir Antonov	13	10	2025-07-22 07:50:00+00	50		15	0888011919	f
880	2025-07-22 09:32:04.444721+00	2025-07-22 09:32:04.444721+00	\N	Оксел	13	11	2025-07-22 10:10:00+00	40		15	0897836543	f
881	2025-07-22 09:43:03.677701+00	2025-07-22 09:43:03.677701+00	\N	Georgi Andreev	20	11	2025-07-23 07:00:00+00	40		22	0886131059	f
882	2025-07-22 10:09:56.315613+00	2025-07-22 10:09:56.315613+00	\N	Senay Naim	13	10	2025-07-22 12:20:00+00	50		15	+359893947892	f
873	2025-07-19 21:07:34.944593+00	2025-08-05 06:28:07.748463+00	\N	Martin Spirdonov	13	11	2025-08-05 07:00:00+00	40		15	+359315546315	t
885	2025-07-23 07:39:32.585084+00	2025-07-23 07:39:32.585084+00	\N	Николай Косев	21	10	2025-07-24 15:20:00+00	50		23	+359885500895	f
886	2025-07-23 11:28:48.497533+00	2025-07-23 11:28:48.497533+00	\N	Иван	20	11	2025-07-23 15:00:00+00	40		22	0878663857	f
887	2025-07-23 12:38:52.643599+00	2025-07-23 12:38:52.643599+00	\N	Vito	13	11	2025-07-24 13:00:00+00	40		15	0892049515	f
888	2025-07-23 22:11:51.718469+00	2025-07-23 22:11:51.718469+00	\N	Asan	13	13	2025-07-24 11:00:00+00	60		15	0892034137	f
889	2025-07-23 23:38:56.612109+00	2025-07-23 23:38:56.612109+00	\N	Max	13	10	2025-07-24 14:30:00+00	50		15	+359887399929	f
890	2025-07-24 04:12:29.759897+00	2025-07-24 04:12:29.759897+00	\N	Simon Radanski	13	11	2025-07-24 09:40:00+00	40		15	0882490798	f
891	2025-07-24 10:11:35.721901+00	2025-07-24 10:11:35.721901+00	\N	Mihail Mladenov	13	11	2025-07-24 10:20:00+00	40		15	0895582320	f
892	2025-07-24 11:20:29.133182+00	2025-07-24 11:20:29.133182+00	\N	Ivan	13	10	2025-07-24 13:40:00+00	50		15	0892034137	f
894	2025-07-24 19:06:07.455982+00	2025-07-25 11:48:07.293514+00	\N	Алексей Асенов	20	11	2025-07-25 12:20:00+00	40		22	0884445451	t
895	2025-07-24 20:08:02.958851+00	2025-07-25 13:58:07.228239+00	\N	Дамян Свободников	13	11	2025-07-25 14:30:00+00	40		15	0898606888	t
884	2025-07-22 21:35:53.048807+00	2025-07-26 15:38:07.291172+00	\N	Michele	13	10	2025-07-26 16:10:00+00	50		15	+359111111111	t
883	2025-07-22 13:32:24.624055+00	2025-07-25 06:28:07.401336+00	\N	Viktor	13	10	2025-07-25 07:00:00+00	50		15	0896309030	t
893	2025-07-24 17:45:58.884834+00	2025-07-25 07:18:07.349946+00	\N	Valentin	13	11	2025-07-25 07:50:00+00	40		15	0157582757	t
949	2025-08-04 18:31:51.844726+00	2025-08-27 07:08:07.399557+00	\N	Питър	13	11	2025-08-27 07:40:00+00	40		15	0898206017	t
914	2025-07-27 11:33:57.765113+00	2025-07-27 14:28:07.381626+00	\N	Valentin	21	11	2025-07-27 15:00:00+00	40		23	+359882059008	t
901	2025-07-25 13:15:09.207003+00	2025-07-25 13:15:09.207003+00	\N	filip 	13	11	2025-07-25 13:40:00+00	40	.	15	0000000000	f
919	2025-07-28 13:59:13.506029+00	2025-07-31 15:48:07.91739+00	\N	Alkin	13	11	2025-07-31 16:20:00+00	40		15	0876748535	t
898	2025-07-25 08:43:06.161185+00	2025-07-25 14:28:08.990118+00	\N	Knut	21	11	2025-07-25 15:00:00+00	40	Simple haircut	23	+359908145362	t
896	2025-07-25 06:58:15.57092+00	2025-07-25 14:38:07.237404+00	\N	Filip 	13	11	2025-07-25 15:10:00+00	40	premium haiccaut 	15	0000000000	t
902	2025-07-25 13:28:27.922518+00	2025-07-25 15:48:07.421392+00	\N	Sechil	19	11	2025-07-25 16:20:00+00	40		21	0877334459	t
899	2025-07-25 09:12:00.588331+00	2025-07-26 08:08:07.40349+00	\N	Петър Стоянов	20	10	2025-07-26 08:40:00+00	50		22	0899216684	t
935	2025-08-01 07:56:35.749547+00	2025-08-03 13:58:07.566566+00	\N	Asan Angelow	13	10	2025-08-03 14:30:00+00	50		15	0895216443	t
905	2025-07-25 16:03:52.565014+00	2025-07-26 09:48:07.297371+00	\N	Оксел	13	11	2025-07-26 10:20:00+00	40		15	0897836543	t
897	2025-07-25 07:57:50.67223+00	2025-07-26 10:38:07.29811+00	\N	Oleksii Omeliukh	19	10	2025-07-26 11:10:00+00	50		21	0960283141	t
936	2025-08-01 08:12:00.108088+00	2025-08-01 12:28:08.113639+00	\N	Deyan Grancharov	21	11	2025-08-01 13:00:00+00	40		23	0889318559	t
909	2025-07-26 10:58:10.380974+00	2025-07-26 11:08:07.430326+00	\N	Stoyan	13	11	2025-07-26 11:40:00+00	40		15	0895454874	t
906	2025-07-25 20:12:37.305091+00	2025-07-26 11:48:07.319563+00	\N	Dimitar Dimitrov	13	11	2025-07-26 12:20:00+00	40	 	15	0877993541	t
907	2025-07-26 08:22:59.995791+00	2025-07-26 12:28:07.225907+00	\N	Dimitar 	13	11	2025-07-26 13:00:00+00	40		15	0899666606	t
908	2025-07-26 08:23:36.235082+00	2025-07-26 13:08:07.23906+00	\N	Georgi	13	11	2025-07-26 13:40:00+00	40		15	0894440302	t
900	2025-07-25 12:38:33.746766+00	2025-07-26 13:58:07.294157+00	\N	Vadym	13	10	2025-07-26 14:30:00+00	50		15	+359000000000	t
928	2025-07-30 10:33:13.265979+00	2025-07-30 11:08:07.29348+00	\N	Костадин	20	11	2025-07-30 11:40:00+00	40		22	0888963349	t
912	2025-07-27 07:31:12.69749+00	2025-07-27 07:48:07.412944+00	\N	Kristian 	13	11	2025-07-27 08:20:00+00	40		15	0897780251	t
926	2025-07-29 20:07:08.353621+00	2025-07-30 11:48:07.440519+00	\N	azra ainun	13	11	2025-07-30 12:20:00+00	40		15	+359885623217	t
913	2025-07-27 08:50:38.243373+00	2025-07-27 10:28:07.25291+00	\N	Радослав 	19	11	2025-07-27 11:00:00+00	40		21	0885161346	t
904	2025-07-25 15:26:11.989853+00	2025-07-27 11:08:07.324093+00	\N	Orhan Ahmed	13	11	2025-07-27 11:40:00+00	40		15	0894071460	t
911	2025-07-27 06:32:38.725304+00	2025-07-27 11:48:07.421425+00	\N	Radoslav	21	11	2025-07-27 12:20:00+00	40		23	0899459531	t
910	2025-07-26 17:11:57.6932+00	2025-07-27 12:28:07.326457+00	\N	Konstantin 	20	11	2025-07-27 13:00:00+00	40		22	+359988982734	t
925	2025-07-29 08:19:01.651438+00	2025-07-30 13:48:11.240699+00	\N	Shane Haynes 	13	11	2025-07-30 14:20:00+00	40		15	+359988963926	t
921	2025-07-29 05:22:42.235467+00	2025-07-29 06:28:07.292994+00	\N	Georgi Angelov	20	10	2025-07-29 07:00:00+00	50		22	0885491294	t
916	2025-07-27 14:31:53.916222+00	2025-07-29 07:28:07.2376+00	\N	Емре	13	13	2025-07-29 08:00:00+00	60		15	0876262053	t
929	2025-07-30 12:16:40.336219+00	2025-07-30 14:28:07.247225+00	\N	Михаил Марков	13	11	2025-07-30 15:00:00+00	40		15	0888853233	t
920	2025-07-28 20:50:40.094061+00	2025-07-29 08:28:08.113197+00	\N	Milen	13	11	2025-07-29 09:00:00+00	40		15	0897666618	t
924	2025-07-29 07:44:42.227344+00	2025-07-29 09:08:07.377969+00	\N	Melih	13	10	2025-07-29 09:40:00+00	50		15	+359895108785	t
922	2025-07-29 06:07:29.610025+00	2025-07-29 09:58:07.443896+00	\N	Nikolay Kolev	20	11	2025-07-29 10:30:00+00	40		22	0897637676	t
923	2025-07-29 06:22:30.908717+00	2025-07-29 10:28:07.273926+00	\N	Марио	12	10	2025-07-29 11:00:00+00	50		14	0883203051	t
917	2025-07-28 09:08:36.716289+00	2025-07-29 13:08:07.431557+00	\N	Oktay	13	11	2025-07-29 13:40:00+00	40		15	0894814997	t
903	2025-07-25 13:52:51.816117+00	2025-07-29 15:28:07.231214+00	\N	Radoslav Radev	12	10	2025-07-29 16:00:00+00	50		14	0894666113	t
927	2025-07-29 22:13:17.15828+00	2025-07-30 15:08:07.364763+00	\N	Борислав Христов	13	11	2025-07-30 15:40:00+00	40		15	0885552634	t
940	2025-08-01 16:13:32.899056+00	2025-08-02 15:38:07.245047+00	\N	Uki Nurohman	13	11	2025-08-02 16:10:00+00	40	Make over my hair please. Thank you.	15	+359884257456	t
946	2025-08-03 15:05:24.115119+00	2025-08-05 08:48:07.315618+00	\N	Stanislav Evtimov	13	11	2025-08-05 09:20:00+00	40		15	0876874859	t
918	2025-07-28 13:13:07.166771+00	2025-07-31 12:28:07.398269+00	\N	Georgi Georgiev	13	11	2025-07-31 13:00:00+00	40		15	+359896813163	t
933	2025-07-31 08:38:21.53544+00	2025-08-01 08:28:07.610515+00	\N	Ерик Манолков	13	11	2025-08-01 09:00:00+00	40		15	0895117717	t
930	2025-07-30 14:39:44.895639+00	2025-08-01 10:28:07.320066+00	\N	Bryan 	21	11	2025-08-01 11:00:00+00	40	English 	23	+359887111888	t
937	2025-08-01 10:59:36.090845+00	2025-08-01 11:08:07.32271+00	\N	Сергей Григорьев	13	11	2025-08-01 11:40:00+00	40		15	+359884161525	t
931	2025-07-31 06:38:22.436924+00	2025-08-01 12:28:07.434529+00	\N	Бисер	20	11	2025-08-01 13:00:00+00	40		22	0878290043	t
941	2025-08-02 07:08:02.626697+00	2025-08-03 06:28:07.326678+00	\N	Александър Борисов	13	10	2025-08-03 07:00:00+00	50		15	0898511066	t
945	2025-08-03 08:21:12.073656+00	2025-08-03 10:28:07.388064+00	\N	Шемседин	13	11	2025-08-03 11:00:00+00	40		15	0899859610	t
944	2025-08-03 07:46:11.647986+00	2025-08-03 09:28:07.321684+00	\N	Sebo	13	13	2025-08-03 10:00:00+00	60		15	0895334417	t
938	2025-08-01 15:45:11.338638+00	2025-08-02 13:58:07.192887+00	\N	Viktor	13	10	2025-08-02 14:30:00+00	50		15	0896309030	t
942	2025-08-02 11:17:22.358645+00	2025-08-02 13:58:07.780973+00	\N	Владимир 	21	10	2025-08-02 14:30:00+00	50		23	0886990994	t
939	2025-08-01 15:45:32.648441+00	2025-08-02 14:48:07.291951+00	\N	Valentin	13	10	2025-08-02 15:20:00+00	50		15	0896309030	t
934	2025-07-31 17:44:50.773727+00	2025-08-03 11:08:07.317072+00	\N	Йоан Райчев	20	11	2025-08-03 11:40:00+00	40		22	0896117859	t
943	2025-08-02 19:55:23.146887+00	2025-08-03 08:58:07.375108+00	\N	Andrii	21	10	2025-08-03 09:30:00+00	50	Have different messenger on phone number +380667949925	23	+359879640413	t
948	2025-08-04 08:52:56.220706+00	2025-08-07 13:08:07.426859+00	\N	Georgi Georgiev	13	11	2025-08-07 13:40:00+00	40		15	+359896813163	t
915	2025-07-27 13:26:11.032338+00	2025-08-15 13:58:07.265798+00	\N	Дмитрий 	12	10	2025-08-15 14:30:00+00	50		14	+359888813027	t
932	2025-07-31 07:54:21.619332+00	2025-08-05 07:58:07.303222+00	\N	Виктор	13	10	2025-08-05 08:30:00+00	50		15	+359884031255	t
951	2025-08-05 07:07:21.677207+00	2025-08-05 08:08:07.420493+00	\N	Oleksii Omeliukh	19	10	2025-08-05 08:40:00+00	50		21	0960283141	t
972	2025-08-07 16:28:55.53315+00	2025-08-08 07:48:07.269555+00	\N	Damyan 	13	10	2025-08-08 08:20:00+00	50		15	0877013339	t
947	2025-08-03 15:57:56.405739+00	2025-08-05 09:28:07.296989+00	\N	Uki Nurohman	13	11	2025-08-05 10:00:00+00	40	Please making good my hair. As you can. Thank you	15	+359884257456	t
950	2025-08-05 05:43:50.65608+00	2025-08-05 10:08:07.278589+00	\N	Даниел Стойчев	13	11	2025-08-05 10:40:00+00	40		15	+359878490999	t
981	2025-08-08 07:47:34.185178+00	2025-08-08 13:58:08.583395+00	\N	Николай Косев	20	10	2025-08-08 14:30:00+00	50		22	+359885500895	t
970	2025-08-07 13:39:43.747099+00	2025-08-07 15:28:26.809659+00	\N	Marius	13	10	2025-08-07 16:00:00+00	50		15	0886532921	t
971	2025-08-07 13:51:44.922495+00	2025-08-07 15:38:07.291314+00	\N	Димитр 	20	10	2025-08-07 16:10:00+00	50		22	+359888813027	t
957	2025-08-05 15:32:42.862863+00	2025-08-05 15:48:07.375575+00	\N	Ivan	21	11	2025-08-05 16:20:00+00	40		23	0878663857	t
985	2025-08-08 12:55:49.460969+00	2025-08-08 14:48:07.387862+00	\N	Plamen	21	10	2025-08-08 15:20:00+00	50		23	+359899037198	t
958	2025-08-05 17:22:42.579435+00	2025-08-06 09:48:07.325199+00	\N	Nikolai Ivanov	21	11	2025-08-06 10:20:00+00	40		23	0886342817	t
956	2025-08-05 14:26:01.961447+00	2025-08-06 10:28:07.385801+00	\N	Радослав	19	11	2025-08-06 11:00:00+00	40		21	0885161346	t
992	2025-08-10 14:01:54.43358+00	2025-08-10 15:08:07.26683+00	\N	Moana	13	11	2025-08-10 15:40:00+00	40		15	0895111649	t
952	2025-08-05 08:18:30.809672+00	2025-08-06 14:38:08.488666+00	\N	Metin Sali	13	11	2025-08-06 15:10:00+00	40		15	0895098639	t
953	2025-08-05 08:19:07.756578+00	2025-08-06 15:18:07.323771+00	\N	Мерт Енвер	13	11	2025-08-06 15:50:00+00	40		15	0895098639	t
959	2025-08-06 06:43:17.907075+00	2025-08-06 15:38:07.477828+00	\N	Mariyan 	20	10	2025-08-06 16:10:00+00	50		22	+359894590901	t
960	2025-08-06 12:04:25.981627+00	2025-08-08 14:58:08.194875+00	\N	Martin	13	11	2025-08-08 15:30:00+00	40		15	0887319806	t
982	2025-08-08 08:59:43.415504+00	2025-08-08 15:38:08.402918+00	\N	filip horvath	13	11	2025-08-08 16:10:00+00	40	.	15	0000000000	t
1000	2025-08-12 14:12:16.447589+00	2025-08-13 09:08:07.414161+00	\N	Toto	13	11	2025-08-13 09:40:00+00	40		15	0883203051	t
973	2025-08-07 17:22:05.015622+00	2025-08-07 17:22:05.015622+00	\N	TEST	21	12	2025-08-07 17:40:00+00	20	THIS IS A TEST BY ELEVATEX	23	0349431232	f
954	2025-08-05 10:14:40.375071+00	2025-08-07 06:28:07.38084+00	\N	Ивайло Иванов	21	10	2025-08-07 07:00:00+00	50		23	0886342774	t
964	2025-08-06 19:15:45.887413+00	2025-08-07 08:58:07.327153+00	\N	Tanju	21	10	2025-08-07 09:30:00+00	50		23	0897043779	t
968	2025-08-07 10:53:45.571916+00	2025-08-07 10:53:45.571916+00	\N	Eskobar 	19	12	2025-08-07 11:00:00+00	20		21	0877421725	f
966	2025-08-06 23:19:57.154147+00	2025-08-07 11:08:07.324567+00	\N	Reza 	13	11	2025-08-07 11:40:00+00	40		15	+359885035537	t
967	2025-08-07 09:50:06.014555+00	2025-08-07 13:08:08.060984+00	\N	Axel	19	10	2025-08-07 13:40:00+00	50		21	+359876296111	t
996	2025-08-11 21:51:47.560651+00	2025-08-12 11:08:07.379585+00	\N	Selim 	13	11	2025-08-12 11:40:00+00	40		15	+359898397174	t
994	2025-08-11 07:28:45.715027+00	2025-08-12 08:28:07.290738+00	\N	Simon Radanski	13	11	2025-08-12 09:00:00+00	40		15	0882490798	t
976	2025-08-07 19:55:16.877472+00	2025-08-10 06:28:07.221007+00	\N	Velizar Nikolov	13	11	2025-08-10 07:00:00+00	40		15	0899686878	t
974	2025-08-07 17:42:04.779054+00	2025-08-09 06:28:07.261501+00	\N	Димо Ганчев 	13	10	2025-08-09 07:00:00+00	50	Сабале рано рано , чок мерси 👌🏻	15	0894370474	t
980	2025-08-08 06:16:33.747057+00	2025-08-08 06:28:07.460781+00	\N	DUSAN KORICA	19	10	2025-08-08 07:00:00+00	50		21	0603102359	t
962	2025-08-06 18:53:34.334662+00	2025-08-08 07:08:07.341462+00	\N	Damyan Yordanov	13	11	2025-08-08 07:40:00+00	40		15	0884607021	t
984	2025-08-08 09:09:57.523265+00	2025-08-08 09:09:57.523265+00	\N	Daniel	13	11	2025-08-08 09:40:00+00	40	Отменям час за 08.08.25г за 13:20	15	+359879060736	f
963	2025-08-06 18:54:43.617528+00	2025-08-08 09:48:07.207795+00	\N	Daniel	13	11	2025-08-08 10:20:00+00	40		15	+359879060736	t
969	2025-08-07 12:44:33.195911+00	2025-08-08 10:28:07.343793+00	\N	Александър	13	11	2025-08-08 11:00:00+00	40		15	0877843409	t
955	2025-08-05 12:26:05.3706+00	2025-08-08 11:28:07.395028+00	\N	DUSAN	13	10	2025-08-08 12:00:00+00	50		15	+359603102359	t
978	2025-08-07 20:38:05.195004+00	2025-08-08 12:18:07.626095+00	\N	Hristiyan Todorov	13	10	2025-08-08 12:50:00+00	50		15	+359896034241	t
988	2025-08-09 16:20:02.891736+00	2025-08-10 11:48:07.3984+00	\N	Muhammad Tamam Attaqie	13	11	2025-08-10 12:20:00+00	40	Can u gimme the best haircut for my head tomorrow i have a straight hair, or can u gimme types of comma hair	15	+359885035460	t
983	2025-08-08 09:06:37.117109+00	2025-08-08 13:08:11.238539+00	\N	Aleks	13	11	2025-08-08 13:40:00+00	40		15	0988941896	t
961	2025-08-06 18:05:28.878012+00	2025-08-08 13:58:07.390923+00	\N	Станислав Андреев	13	10	2025-08-08 14:30:00+00	50		15	+359893648709	t
979	2025-08-08 05:02:20.643952+00	2025-08-08 13:58:07.884007+00	\N	Николай Косев	21	10	2025-08-08 14:30:00+00	50		23	+359885500895	t
990	2025-08-10 06:34:27.137719+00	2025-08-10 07:28:07.948942+00	\N	Емил	20	13	2025-08-10 08:00:00+00	60		22	+359898644743	t
987	2025-08-09 07:17:33.863647+00	2025-08-09 07:18:07.18655+00	\N	David Zhelyazkov	13	11	2025-08-09 07:50:00+00	40		15	0878549078	t
986	2025-08-08 21:20:49.698869+00	2025-08-09 08:08:07.398464+00	\N	Кристиян	13	10	2025-08-09 08:40:00+00	50		15	0884516440	t
977	2025-08-07 19:56:11.219389+00	2025-08-10 07:48:07.388768+00	\N	Georgi	13	11	2025-08-10 08:20:00+00	40	Същите са имейла и телефона но е за друго братле 	15	0899686878	t
991	2025-08-10 08:49:19.269538+00	2025-08-10 13:08:07.294122+00	\N	Nikolai Ivanov	21	10	2025-08-10 13:40:00+00	50		23	0886342817	t
989	2025-08-09 17:01:46.686522+00	2025-08-12 09:48:07.352522+00	\N	Mehrin Mehmedov	13	11	2025-08-12 10:20:00+00	40		15	0877748495	t
997	2025-08-12 06:04:09.685396+00	2025-08-12 06:28:07.412526+00	\N	Румен 	13	10	2025-08-12 07:00:00+00	50		15	0895496495	t
975	2025-08-07 19:37:35.949647+00	2025-08-12 07:48:07.376238+00	\N	Plamen Kutsarov	13	11	2025-08-12 08:20:00+00	40		15	0882863144	t
998	2025-08-12 07:10:45.172554+00	2025-08-12 07:18:07.538176+00	\N	Борис Борисов	20	10	2025-08-12 07:50:00+00	50		22	0899989335	t
993	2025-08-10 19:39:54.533301+00	2025-08-12 09:28:07.384839+00	\N	Eva Teixeira	13	12	2025-08-12 10:00:00+00	20		15	+359894262849	t
995	2025-08-11 11:38:03.565221+00	2025-08-16 12:28:07.430176+00	\N	Владимир 	12	12	2025-08-16 13:00:00+00	20		14	0889625295	t
999	2025-08-12 08:32:14.330393+00	2025-08-12 14:48:15.564726+00	\N	Нико	19	10	2025-08-12 15:20:00+00	50		21	0877477978	t
965	2025-08-06 20:29:52.91133+00	2025-08-13 08:28:07.456206+00	\N	Kristian Zhekov	13	11	2025-08-13 09:00:00+00	40	Holandski nomer +31638619137	15	0638619137	t
1005	2025-08-13 19:12:57.920569+00	2025-08-17 07:48:07.362178+00	\N	Стелиян	12	11	2025-08-17 08:20:00+00	40		14	0877335399	t
1001	2025-08-12 15:07:18.470375+00	2025-08-13 07:18:15.161651+00	\N	Емил 	13	10	2025-08-13 07:50:00+00	50		15	0895863400	t
1020	2025-08-16 20:43:17.511042+00	2025-08-17 08:28:14.150726+00	\N	Vladyslav	21	11	2025-08-17 09:00:00+00	40		23	+359877504993	t
1019	2025-08-16 20:07:13.019855+00	2025-08-17 11:08:07.313633+00	\N	Oleksandr	20	11	2025-08-17 11:40:00+00	40		22	+359882931880	t
1003	2025-08-13 10:51:23.622934+00	2025-08-13 13:58:07.472619+00	\N	Orhan	13	10	2025-08-13 14:30:00+00	50		15	0887172008	t
1004	2025-08-13 12:10:22.360963+00	2025-08-13 13:58:15.845072+00	\N	Shefket	21	10	2025-08-13 14:30:00+00	50		23	0887172008	t
1029	2025-08-20 07:21:01.461086+00	2025-08-23 11:28:08.499019+00	\N	Ibz	19	11	2025-08-23 12:00:00+00	45	Kk	21	08870586278	t
1002	2025-08-12 19:46:11.438638+00	2025-08-14 08:28:15.223541+00	\N	Stelyo	19	11	2025-08-14 09:00:00+00	45	Kk	21	0887058627	t
1014	2025-08-15 14:05:32.856072+00	2025-08-17 13:48:07.545476+00	\N	Виктор Ал Карали	13	10	2025-08-17 14:20:00+00	50		15	+359884031255	t
1032	2025-08-21 04:31:15.926125+00	2025-08-21 06:28:08.224881+00	\N	Ivo 	13	10	2025-08-21 07:00:00+00	50		15	0895424666	t
1007	2025-08-14 14:55:00.426695+00	2025-08-15 07:18:07.442324+00	\N	Viktor Ivanov	13	10	2025-08-15 07:50:00+00	50		15	0896309030	t
1010	2025-08-15 08:19:39.635446+00	2025-08-15 08:48:08.958437+00	\N	Ziggy	13	11	2025-08-15 09:20:00+00	40		15	0876598189	t
1011	2025-08-15 08:56:44.556834+00	2025-08-15 09:48:07.401397+00	\N	Dylan de Zwart	19	11	2025-08-15 10:20:00+00	40		21	0469183696	t
1008	2025-08-14 17:16:10.851361+00	2025-08-15 10:28:07.358895+00	\N	Ibz	19	11	2025-08-15 11:00:00+00	45	Kk	21	0887058627	t
1012	2025-08-15 10:28:20.243139+00	2025-08-15 10:38:07.396835+00	\N	Plamen Kostov	21	10	2025-08-15 11:10:00+00	50		23	0899037198	t
1009	2025-08-14 18:16:42.116415+00	2025-08-15 11:28:07.379419+00	\N	Dimitar Dimitrov	13	11	2025-08-15 12:00:00+00	40		15	0877993541	t
1013	2025-08-15 12:52:34.780874+00	2025-08-15 15:48:07.364556+00	\N	Sechil	19	11	2025-08-15 16:20:00+00	40		21	0877334459	t
1036	2025-08-21 12:36:07.080991+00	2025-08-22 10:28:07.371659+00	\N	Georgi Georgiev	13	11	2025-08-22 11:00:00+00	40		15	0896813163	t
1030	2025-08-20 16:34:10.952842+00	2025-08-24 08:28:07.334822+00	\N	Stoil	12	11	2025-08-24 09:00:00+00	40		14	0893004990	t
1017	2025-08-15 23:27:51.110461+00	2025-08-16 06:28:07.49498+00	\N	Oleksii	21	10	2025-08-16 07:00:00+00	50		23	0960283141	t
1016	2025-08-15 20:16:33.611481+00	2025-08-16 08:28:07.435339+00	\N	Ibz	19	11	2025-08-16 09:00:00+00	45	Kk	21	0887058627	t
1018	2025-08-16 13:23:43.959103+00	2025-08-16 13:58:14.138084+00	\N	Радослав	12	10	2025-08-16 14:30:00+00	50		14	0894666113	t
1025	2025-08-18 18:15:48.298582+00	2025-09-06 06:28:12.431995+00	\N	Turgay ŞEN	13	13	2025-09-06 07:00:00+00	60		15	+359877632555	t
1006	2025-08-14 11:41:31.62334+00	2025-08-17 06:28:07.436831+00	\N	Петьо 	13	11	2025-08-17 07:00:00+00	40		15	0896819801	t
1026	2025-08-19 05:26:22.768388+00	2025-08-19 06:28:07.447465+00	\N	Mihail	13	11	2025-08-19 07:00:00+00	40		15	0894661241	t
1023	2025-08-18 08:12:53.245321+00	2025-08-19 11:48:09.513899+00	\N	Юлиян Минчев	13	11	2025-08-19 12:20:00+00	40		15	0888382290	t
1034	2025-08-21 07:46:48.528182+00	2025-08-23 12:28:07.505967+00	\N	Владимир	12	12	2025-08-23 13:00:00+00	20		14	0889625296	t
1033	2025-08-21 07:00:38.904277+00	2025-08-22 11:28:07.326617+00	\N	Hristo Todorov	19	10	2025-08-22 12:00:00+00	50		21	0897874007	t
1027	2025-08-19 14:04:15.79827+00	2025-08-19 14:48:07.379382+00	\N	Daniel Bedö	20	10	2025-08-19 15:20:00+00	50		22	0883332855	t
1021	2025-08-17 19:19:45.689913+00	2025-08-20 07:08:10.595791+00	\N	Damyan	13	11	2025-08-20 07:40:00+00	40		15	0884607021	t
1043	2025-08-23 11:59:46.443229+00	2025-08-24 12:28:07.383408+00	\N	Kristian Zhekov	13	11	2025-08-24 13:00:00+00	40		15	0638619137	t
1024	2025-08-18 14:20:40.873003+00	2025-08-20 07:48:07.270475+00	\N	Ilker Budinov	13	10	2025-08-20 08:20:00+00	50		15	0895255515	t
1022	2025-08-18 07:42:16.638694+00	2025-08-20 13:08:07.799412+00	\N	Bogdan	20	11	2025-08-20 13:40:00+00	40		22	+359883214141	t
1031	2025-08-20 22:57:47.562169+00	2025-08-21 13:48:07.357444+00	\N	gabriel sarullo	13	11	2025-08-21 14:20:00+00	40		15	0331980624	t
1028	2025-08-19 14:09:41.080862+00	2025-08-21 13:58:07.513598+00	\N	Николай Косев	21	10	2025-08-21 14:30:00+00	50		23	+359885500895	t
1039	2025-08-22 09:56:15.555433+00	2025-08-22 11:58:08.1627+00	\N	Ferhat Angelov	13	10	2025-08-22 12:30:00+00	50		15	0895134453	t
1015	2025-08-15 17:27:13.564333+00	2025-08-22 06:28:07.429923+00	\N	Konstantin	20	13	2025-08-22 07:00:00+00	60		22	0876385666	t
1037	2025-08-21 15:28:14.695562+00	2025-08-22 07:08:09.478891+00	\N	Berk BEKIROV	12	11	2025-08-22 07:40:00+00	40		14	0895883151	t
1038	2025-08-21 15:29:44.787146+00	2025-08-22 08:58:07.329071+00	\N	Kristiyan	13	10	2025-08-22 09:30:00+00	50		15	0884516440	t
1040	2025-08-22 11:29:48.684712+00	2025-08-22 12:48:07.330808+00	\N	Ivan Ivanov	13	11	2025-08-22 13:20:00+00	40		15	0878663857	t
1046	2025-08-25 11:45:30.673084+00	2025-08-26 12:28:11.328554+00	\N	Victor 	13	11	2025-08-26 13:00:00+00	40		15	0877869510	t
1035	2025-08-21 11:08:44.064421+00	2025-08-23 08:58:07.389292+00	\N	Борис Борисов	20	10	2025-08-23 09:30:00+00	50		22	0899989335	t
1050	2025-08-25 20:47:22.727586+00	2025-08-26 09:58:07.47245+00	\N	Тодор Христов	13	10	2025-08-26 10:30:00+00	50		15	+359895664723	t
1041	2025-08-23 00:10:03.045366+00	2025-08-24 15:08:07.316378+00	\N	Добата	20	11	2025-08-24 15:40:00+00	40	може да закъснея малко знайш ма😂	22	0897732848	t
1045	2025-08-23 20:09:17.521848+00	2025-08-24 07:08:07.360373+00	\N	Boris	20	12	2025-08-24 07:40:00+00	20		22	0888723834	t
1044	2025-08-23 20:08:22.708916+00	2025-08-24 07:18:07.320732+00	\N	Yavor Ivanov	21	10	2025-08-24 07:50:00+00	50		23	0888723834	t
1051	2025-08-26 05:36:24.348094+00	2025-08-26 07:48:07.387075+00	\N	Стоян Добрев	20	11	2025-08-26 08:20:00+00	40		22	0888581720	t
1042	2025-08-23 11:25:18.098671+00	2025-08-26 08:28:07.362047+00	\N	Stanislav	13	11	2025-08-26 09:00:00+00	40		15	0876874859	t
1054	2025-08-26 10:27:55.580015+00	2025-08-27 11:28:12.375228+00	\N	Yulian	12	10	2025-08-27 12:00:00+00	50		14	0894201881	t
1049	2025-08-25 14:12:57.076844+00	2025-08-26 07:18:11.287805+00	\N	Димо	13	10	2025-08-26 07:50:00+00	50		15	0894370474	t
1048	2025-08-25 14:05:33.778687+00	2025-08-26 11:28:11.202961+00	\N	Rebin Hasan	21	10	2025-08-26 12:00:00+00	50		23	0897444423	t
1047	2025-08-25 13:12:27.562706+00	2025-08-28 08:58:12.42954+00	\N	Stefan	12	10	2025-08-28 09:30:00+00	50		14	0887838319	t
1052	2025-08-26 06:28:41.520316+00	2025-08-26 13:08:07.755194+00	\N	Rebin	21	10	2025-08-26 13:40:00+00	50		23	0897444423	t
1053	2025-08-26 07:12:06.208418+00	2025-08-27 10:38:12.30522+00	\N	дмитрий	12	10	2025-08-27 11:10:00+00	50		14	+359888813027	t
1055	2025-08-26 12:47:52.826513+00	2025-08-28 06:28:12.359913+00	\N	Yordan	13	10	2025-08-28 07:00:00+00	50		15	0889070727	t
1056	2025-08-26 19:47:23.766739+00	2025-08-28 15:18:16.35701+00	\N	Константин	13	11	2025-08-28 15:50:00+00	40		15	0879023190	t
1060	2025-08-29 04:43:27.846829+00	2025-08-29 15:38:12.37902+00	\N	Радослав Радев	12	10	2025-08-29 16:10:00+00	50		14	0894666113	t
1062	2025-08-30 07:52:17.537972+00	2025-08-30 08:48:12.379983+00	\N	Владимир 	12	12	2025-08-30 09:20:00+00	20		14	0889625295	t
1090	2025-09-05 20:40:52.412041+00	2025-09-06 07:28:12.361428+00	\N	Алексей 	13	11	2025-09-06 08:00:00+00	40		15	0884445451	t
1064	2025-08-30 12:52:42.607785+00	2025-08-30 12:52:42.607785+00	\N	Georgi Marinov	13	11	2025-08-30 13:00:00+00	40		15	0892981686	f
1063	2025-08-30 08:59:04.683617+00	2025-08-30 13:08:12.320652+00	\N	Vadym 	13	10	2025-08-30 13:40:00+00	50	Please confirm my appointment with you by email \nI do not have bg telephone number	15	+359000000000	t
1061	2025-08-29 13:42:25.903496+00	2025-08-30 15:08:12.410812+00	\N	Коста Костов	13	11	2025-08-30 15:40:00+00	40		15	0886953775	t
1070	2025-08-31 07:14:58.825847+00	2025-08-31 07:28:12.515747+00	2025-08-31 07:29:23.210316+00	test	21	12	2025-08-31 08:00:00+00	20		23	0886899110	t
1086	2025-09-05 11:49:38.175769+00	2025-09-13 14:28:12.279223+00	\N	Hristo Enchev	13	11	2025-09-13 15:00:00+00	40		15	0898435927	t
1071	2025-08-31 07:24:57.658654+00	2025-08-31 08:28:12.282828+00	\N	Daniel G	21	11	2025-08-31 09:00:00+00	40		23	0876667803	t
1072	2025-08-31 07:29:31.774481+00	2025-08-31 09:08:12.380283+00	\N	Daniel G	21	11	2025-08-31 09:40:00+00	40		23	0876667803	t
1065	2025-08-30 14:38:41.55202+00	2025-08-31 10:28:12.369871+00	\N	Алкин	12	11	2025-08-31 11:00:00+00	40		14	0876748535	t
1096	2025-09-06 16:02:02.607567+00	2025-09-14 10:28:14.65875+00	\N	Александър Тодоров 	19	11	2025-09-14 11:00:00+00	40		21	0879127790	t
1097	2025-09-06 16:06:08.204251+00	2025-09-14 10:28:15.28455+00	\N	Теодор Тодоров 	21	11	2025-09-14 11:00:00+00	40		23	0876127794	t
1078	2025-09-01 13:48:41.080003+00	2025-09-02 07:18:12.368373+00	\N	Bernd 	13	10	2025-09-02 07:50:00+00	50		15	+359884726737	t
1080	2025-09-02 06:17:10.150893+00	2025-09-02 09:08:12.553089+00	\N	Хаккъ Чаушев	13	10	2025-09-02 09:40:00+00	50		15	+359899899543	t
1083	2025-09-03 13:15:17.630247+00	2025-09-04 07:28:12.572055+00	\N	Eva Teixeira 	13	12	2025-09-04 08:00:00+00	20		15	0782547827	t
1081	2025-09-02 16:29:14.20883+00	2025-09-04 10:38:16.354763+00	\N	Илкер	13	10	2025-09-04 11:10:00+00	50		15	0895255515	t
1082	2025-09-03 08:37:45.342187+00	2025-09-04 12:28:12.511369+00	\N	Turgay 	13	13	2025-09-04 13:00:00+00	60		15	0877632555	t
1085	2025-09-05 05:23:33.27279+00	2025-09-05 09:08:12.533477+00	\N	Jens 	20	11	2025-09-05 09:40:00+00	40		22	+359892758067	t
1079	2025-09-01 15:55:16.2195+00	2025-09-05 10:38:12.862285+00	\N	michele	13	10	2025-09-05 11:10:00+00	50		15	+359177777777	t
1114	2025-09-10 14:10:31.622534+00	2025-09-12 09:48:12.382698+00	\N	Mehrin Mehmedov	13	11	2025-09-12 10:20:00+00	40		15	0877748495	t
1087	2025-09-05 12:55:41.674888+00	2025-09-06 10:48:13.158315+00	\N	Виктор Ал Карали	13	10	2025-09-06 11:20:00+00	50		15	+359884031255	t
1059	2025-08-28 15:10:14.974169+00	2025-08-28 15:48:12.386629+00	\N	Марин 	12	11	2025-08-28 16:20:00+00	40		14	0878737971	t
1058	2025-08-28 10:35:44.377201+00	2025-08-30 07:18:12.448212+00	\N	Tanju	21	10	2025-08-30 07:50:00+00	50		23	0897043779	t
1105	2025-09-08 11:52:00.887122+00	2025-09-09 07:48:12.336729+00	\N	Damyan Yordanov	13	11	2025-09-09 08:20:00+00	40		15	0884607021	t
1089	2025-09-05 18:52:49.348228+00	2025-09-06 12:58:12.331817+00	\N	Сергей Григорьев	13	11	2025-09-06 13:30:00+00	40		15	0884161525	t
1095	2025-09-06 11:12:24.732783+00	2025-09-06 13:08:12.313598+00	\N	Kirill	12	10	2025-09-06 13:40:00+00	50		14	+359894214028	t
1069	2025-08-31 07:11:36.655104+00	2025-08-31 07:11:36.655104+00	2025-08-31 07:17:08.413394+00	test	21	12	2025-08-31 07:40:00+00	20		23	0886899110	f
1066	2025-08-30 17:31:56.885167+00	2025-08-31 07:18:12.291336+00	\N	Radi Radev 	13	10	2025-08-31 07:50:00+00	50	:)	15	0892601525	t
1073	2025-08-31 09:11:35.868469+00	2025-08-31 11:28:12.522641+00	\N	Kevin	13	10	2025-08-31 12:00:00+00	50		15	0888107063	t
1075	2025-08-31 11:31:09.512903+00	2025-08-31 12:18:12.349043+00	\N	Alex	13	10	2025-08-31 12:50:00+00	50		15	+359000000000	t
1067	2025-08-30 20:19:53.88524+00	2025-08-31 13:58:12.415571+00	\N	Nikola	13	10	2025-08-31 14:30:00+00	50		15	0892352992	t
1068	2025-08-30 20:20:37.521853+00	2025-08-31 14:48:12.422598+00	\N	Yoan	13	11	2025-08-31 15:20:00+00	40		15	0892352992	t
1099	2025-09-07 07:51:45.641313+00	2025-09-07 08:48:12.428317+00	\N	Владимир 	12	12	2025-09-07 09:20:00+00	20		14	0889625295	t
1077	2025-09-01 08:44:09.33737+00	2025-09-02 06:28:12.325414+00	\N	Методи Методиев	13	10	2025-09-02 07:00:00+00	50		15	0896783755	t
1074	2025-08-31 10:27:39.463379+00	2025-09-02 08:28:12.340315+00	\N	Simon Radanski	13	11	2025-09-02 09:00:00+00	40		15	0882490798	t
1076	2025-09-01 07:06:05.968411+00	2025-09-02 15:38:12.337372+00	\N	Igor	21	10	2025-09-02 16:10:00+00	50		23	+359643721589	t
1057	2025-08-27 16:43:56.031983+00	2025-09-03 06:28:12.289775+00	\N	Georgi 	13	13	2025-09-03 07:00:00+00	60		15	0894440302	t
1084	2025-09-04 13:12:05.084888+00	2025-09-04 13:28:12.418362+00	\N	Atanas	13	13	2025-09-04 14:00:00+00	60		15	0895207597	t
1091	2025-09-06 06:33:59.278388+00	2025-09-06 06:33:59.278388+00	\N	Александър	20	11	2025-09-06 07:00:00+00	40		22	0887333510	f
1100	2025-09-07 08:52:18.260669+00	2025-09-11 15:38:12.455579+00	\N	Chadly	13	10	2025-09-11 16:10:00+00	50		15	0897967961	t
1093	2025-09-06 09:30:43.633098+00	2025-09-06 09:48:12.355965+00	\N	Ivan Ivanov	19	11	2025-09-06 10:20:00+00	40		21	+359878663857	t
1088	2025-09-05 18:47:00.548157+00	2025-09-06 10:08:12.234254+00	\N	Bogdan Kostov	13	11	2025-09-06 10:40:00+00	40		15	0896764111	t
1123	2025-09-12 07:20:17.181867+00	2025-09-12 07:20:17.181867+00	\N	Дилян Станков	20	10	2025-09-12 07:50:00+00	50		22	0878928608	f
1101	2025-09-07 09:48:42.215789+00	2025-09-07 10:28:12.408163+00	\N	Alex Georgiev	20	11	2025-09-07 11:00:00+00	40		22	0896403670	t
1128	2025-09-13 10:30:59.386345+00	2025-09-13 13:48:12.383251+00	\N	Мирсат	13	11	2025-09-13 14:20:00+00	40		15	0888353459	t
1119	2025-09-11 11:42:59.928952+00	2025-09-12 10:38:12.964463+00	\N	Радослав Радев	12	10	2025-09-12 11:10:00+00	50		14	0894666113	t
1104	2025-09-08 08:49:43.229924+00	2025-09-10 07:18:14.182256+00	\N	Илкер	13	10	2025-09-10 07:50:00+00	50		15	0895255515	t
1107	2025-09-09 05:37:17.251506+00	2025-09-09 07:08:12.386423+00	\N	David Z	13	11	2025-09-09 07:40:00+00	40	fade haircut 	15	0878549078	t
1122	2025-09-11 21:14:09.882151+00	2025-09-13 06:28:13.052864+00	\N	Viktor	12	11	2025-09-13 07:00:00+00	40		14	0877221101	t
1094	2025-09-06 10:34:49.505252+00	2025-09-12 08:28:36.37553+00	\N	Daniel	13	11	2025-09-12 09:00:00+00	40		15	+359879060736	t
1113	2025-09-10 08:31:57.707668+00	2025-09-10 09:48:12.36596+00	\N	Petar	13	11	2025-09-10 10:20:00+00	40		15	0899216684	t
1103	2025-09-07 15:37:26.192229+00	2025-09-12 15:08:12.402015+00	\N	Доброслав Стамов	20	11	2025-09-12 15:40:00+00	40	Има шанс да закъснея знайшшш	22	0897732848	t
1108	2025-09-09 06:35:32.008475+00	2025-09-10 15:28:12.4233+00	\N	Georgi Georgiev	13	11	2025-09-10 16:00:00+00	40		15	0896813163	t
1110	2025-09-09 16:19:45.562649+00	2025-09-11 07:18:13.316381+00	\N	Denis	12	10	2025-09-11 07:50:00+00	50		14	0894201881	t
1115	2025-09-10 15:40:16.218946+00	2025-09-11 07:48:12.454939+00	\N	Oleksii	21	11	2025-09-11 08:20:00+00	40	Booked by Ukrainian number - +380 93 064 12 66.\n\nI hope we can speak with you in English or Russian.	23	0930641266	t
1116	2025-09-11 06:18:47.760431+00	2025-09-11 09:48:12.373207+00	\N	Dylan de Zwart	19	11	2025-09-11 10:20:00+00	40		21	0469183696	t
1111	2025-09-10 07:25:42.233998+00	2025-09-13 06:28:12.366189+00	\N	Иван 	13	11	2025-09-13 07:00:00+00	40		15	0878899200	t
1120	2025-09-11 12:07:05.30839+00	2025-09-11 12:18:13.08956+00	\N	Милен Димитров	20	10	2025-09-11 12:50:00+00	50		22	0895237772	t
1092	2025-09-06 08:36:46.653171+00	2025-09-11 15:28:12.286242+00	\N	Attila Kulcsar	20	13	2025-09-11 16:00:00+00	60	Do you speak English? We can communicate only in that language.	22	+359884749904	t
1102	2025-09-07 09:59:59.425706+00	2025-09-12 06:28:12.370024+00	\N	Luís Timoteo	13	10	2025-09-12 07:00:00+00	50	Hair to go for a weeding	15	+359878101195	t
1117	2025-09-11 06:37:58.353139+00	2025-09-12 07:18:13.348289+00	\N	Michele Oliverio	13	10	2025-09-12 07:50:00+00	50		15	+359176623336	t
1106	2025-09-08 21:14:28.682613+00	2025-09-12 09:08:12.29664+00	\N	Александър	13	11	2025-09-12 09:40:00+00	40		15	0877843409	t
1121	2025-09-11 12:08:32.419479+00	2025-09-12 12:58:16.252747+00	\N	Яни Иванов	13	10	2025-09-12 13:30:00+00	50		15	0899232617	t
1109	2025-09-09 14:55:34.263886+00	2025-09-13 07:48:12.397027+00	\N	Simon Radanski	13	11	2025-09-13 08:20:00+00	40		15	0882490798	t
1125	2025-09-13 08:31:50.504161+00	2025-09-13 09:28:12.289646+00	\N	Владимир 	12	12	2025-09-13 10:00:00+00	20		14	+359889625295	t
1126	2025-09-13 08:55:37.167755+00	2025-09-14 12:38:12.423332+00	\N	Martin	13	11	2025-09-14 13:10:00+00	40		15	0887319806	t
1098	2025-09-07 06:05:13.974476+00	2025-09-13 10:28:12.298223+00	\N	Martin	13	11	2025-09-13 11:00:00+00	40		15	0887319806	t
1130	2025-09-13 11:24:54.035646+00	2025-09-13 13:48:13.013925+00	\N	Valentin 	21	11	2025-09-13 14:20:00+00	40		23	0882059008	t
1129	2025-09-13 11:12:39.36717+00	2025-09-13 11:12:39.36717+00	\N	Александър	20	11	2025-09-13 11:40:00+00	40		22	0887333510	f
1118	2025-09-11 06:58:12.182039+00	2025-09-14 06:28:12.536159+00	\N	Angel Puerto Pineda	13	10	2025-09-14 07:00:00+00	50		15	+359686783679	t
1127	2025-09-13 10:03:46.673814+00	2025-09-14 11:08:12.349437+00	\N	Stoil	12	11	2025-09-14 11:40:00+00	40		14	0893004990	t
1133	2025-09-14 07:29:11.064466+00	2025-09-14 09:48:12.28195+00	\N	Mario	12	10	2025-09-14 10:20:00+00	50		14	0883203051	t
1124	2025-09-12 19:12:23.717594+00	2025-09-13 12:58:12.367032+00	\N	Дмитрий	12	10	2025-09-13 13:30:00+00	50		14	+359888813027	t
1132	2025-09-13 20:34:57.129596+00	2025-09-14 07:18:12.279801+00	\N	Коко Димитров 	13	11	2025-09-14 07:50:00+00	40		15	0883506383	t
1131	2025-09-13 17:24:16.320563+00	2025-09-14 11:48:12.31637+00	\N	Иван 	19	11	2025-09-14 12:20:00+00	40		21	0877238089	t
1138	2025-09-14 12:27:07.801494+00	2025-09-14 12:48:12.383955+00	\N	ivan	19	12	2025-09-14 13:20:00+00	20		21	0878916695	t
1136	2025-09-14 11:46:47.559797+00	2025-09-14 14:38:12.577494+00	\N	Muhammad Tamam Attaqie	13	11	2025-09-14 15:10:00+00	40		15	+359885035460	t
1137	2025-09-14 11:51:42.819146+00	2025-09-14 14:48:12.28552+00	\N	Reza adithia	12	11	2025-09-14 15:20:00+00	40		14	+359885035537	t
1139	2025-09-14 13:44:46.232233+00	2025-09-14 15:18:12.251668+00	\N	Erfan Nikpour 	13	13	2025-09-14 15:50:00+00	60		15	0879446494	t
1141	2025-09-15 10:15:28.64978+00	2025-09-16 13:58:14.397526+00	\N	Александр	13	10	2025-09-16 14:30:00+00	50		15	0882347747	t
1143	2025-09-16 13:15:00.194319+00	2025-09-16 14:48:12.489202+00	\N	Stanimir	13	11	2025-09-16 15:20:00+00	40		15	0897519194	t
1134	2025-09-14 08:25:31.295711+00	2025-09-14 08:28:12.394989+00	\N	Kristian 	19	11	2025-09-14 09:00:00+00	40		21	0897780251	t
1156	2025-09-18 16:49:33.65711+00	2025-09-19 06:28:15.722643+00	\N	Georgi	13	11	2025-09-19 07:00:00+00	40		15	0894440302	t
1153	2025-09-18 12:05:51.548243+00	2025-09-19 10:38:12.701148+00	\N	Виктор Ал Карали	13	10	2025-09-19 11:10:00+00	50		15	+359884031255	t
1135	2025-09-14 10:08:24.595623+00	2025-09-14 12:38:13.910344+00	2025-09-14 13:18:03.578841+00	Kapustrev	12	10	2025-09-14 13:10:00+00	50		14	+359894201881	t
1169	2025-09-23 20:13:37.345596+00	2025-09-28 06:28:51.517386+00	\N	Michele Oliverio	13	10	2025-09-28 07:00:00+00	50		15	+359176666666	t
1140	2025-09-15 07:04:58.189112+00	2025-09-17 06:28:12.366581+00	\N	Илкер 	13	10	2025-09-17 07:00:00+00	50		15	0895255515	t
1159	2025-09-19 13:00:56.728756+00	2025-09-19 13:08:12.704144+00	\N	Юлиян Минчев	13	11	2025-09-19 13:40:00+00	40		15	0888382290	t
1150	2025-09-17 19:13:46.386208+00	2025-09-19 13:48:12.799202+00	\N	Filip horvath	13	11	2025-09-19 14:20:00+00	40	.	15	0000000000	t
1142	2025-09-15 19:28:17.080833+00	2025-09-17 10:28:16.298874+00	\N	Julien	20	11	2025-09-17 11:00:00+00	40		22	0895095645	t
1167	2025-09-23 06:30:39.295873+00	2025-09-23 07:18:12.476448+00	\N	Кирилл	21	10	2025-09-23 07:50:00+00	50		23	0884442647	t
1148	2025-09-17 12:15:32.261866+00	2025-09-17 12:28:16.275017+00	\N	Марин Маринов	21	11	2025-09-17 13:00:00+00	40		23	0878737971	t
1165	2025-09-21 09:56:54.174876+00	2025-09-23 09:08:12.357681+00	\N	Николай Диамандиев	13	11	2025-09-23 09:40:00+00	40		15	0885635777	t
1145	2025-09-17 07:05:22.904507+00	2025-09-17 15:28:16.274428+00	\N	Влад 	21	12	2025-09-17 16:00:00+00	20		23	0882416677	t
1146	2025-09-17 07:06:36.865272+00	2025-09-17 15:38:12.524263+00	\N	Артур	13	12	2025-09-17 16:10:00+00	20		15	0882416677	t
1161	2025-09-19 14:20:53.749667+00	2025-09-19 14:28:12.761942+00	\N	Daniel	20	13	2025-09-19 15:00:00+00	60		22	0877557144	t
1144	2025-09-17 07:01:40.870498+00	2025-09-18 06:28:12.313537+00	\N	Mehmed	21	11	2025-09-18 07:00:00+00	40		23	+359895011170	t
1158	2025-09-19 03:47:06.861539+00	2025-09-19 15:38:12.426452+00	\N	Igor	21	10	2025-09-19 16:10:00+00	50		23	+359643128496	t
1147	2025-09-17 11:36:06.630151+00	2025-09-18 08:08:12.329456+00	\N	Димо Ганчев	13	10	2025-09-18 08:40:00+00	50	Да ми кастриш малко 😁	15	0894370474	t
1149	2025-09-17 15:01:57.154091+00	2025-09-18 08:58:15.186263+00	\N	Христо Атанасов	13	11	2025-09-18 09:30:00+00	40	Ако по възможност може в 12:00	15	0893716023	t
1151	2025-09-18 05:16:10.242473+00	2025-09-18 09:38:16.37183+00	\N	Jonathan	13	11	2025-09-18 10:10:00+00	40		15	+359999999999	t
1157	2025-09-19 03:46:28.820604+00	2025-09-19 03:46:28.820604+00	2025-09-19 15:40:28.558597+00	Aleksandar	12	11	2025-09-19 16:20:00+00	40		14	+359645751316	f
1154	2025-09-18 13:20:35.140084+00	2025-09-18 14:48:12.730852+00	\N	Niko	19	10	2025-09-18 15:20:00+00	50		21	0877477978	t
1176	2025-09-27 09:37:08.633879+00	2025-09-27 09:37:08.633879+00	\N	Vlad Моллов	12	12	2025-09-27 10:00:00+00	20		14	0889625295	f
1152	2025-09-18 07:10:56.436575+00	2025-09-19 06:28:14.310102+00	\N	Berk BEKIROV	12	11	2025-09-19 07:00:00+00	40		14	0895883151	t
1160	2025-09-19 14:17:33.720553+00	2025-09-19 15:48:12.415306+00	\N	Yordan Tsvetkov	20	11	2025-09-19 16:20:00+00	40		22	+359884315227	t
1162	2025-09-20 05:17:03.933518+00	2025-09-20 07:08:12.446273+00	\N	Georgy	20	11	2025-09-20 07:40:00+00	40		22	0660242122	t
1112	2025-09-10 07:57:33.230661+00	2025-09-20 07:18:12.331983+00	\N	Miglen Цачев	13	10	2025-09-20 07:50:00+00	50		15	0892307818	t
1163	2025-09-20 08:54:34.69057+00	2025-09-20 09:28:13.514893+00	\N	Владимир	12	12	2025-09-20 10:00:00+00	20		14	0889625295	t
1170	2025-09-26 06:03:22.56117+00	2025-09-26 08:58:51.549736+00	\N	Radoslav Radev	12	10	2025-09-26 09:30:00+00	50		14	0894666113	t
1164	2025-09-20 10:27:02.494929+00	2025-09-20 11:08:12.309144+00	\N	Andrii Domashenko	12	11	2025-09-20 11:40:00+00	40	Малко говоря по Българский но всичко разбирам) 	14	0886579875	t
1155	2025-09-18 15:08:00.534347+00	2025-09-21 08:58:12.312363+00	\N	michele	13	10	2025-09-21 09:30:00+00	50	qfweda	15	+359123333333	t
1173	2025-09-26 15:12:56.406316+00	2025-09-27 09:48:51.398225+00	\N	Alkin	12	11	2025-09-27 10:20:00+00	40		14	0876748535	t
1172	2025-09-26 10:46:22.835472+00	2025-09-27 09:58:51.497637+00	\N	Vadym	13	10	2025-09-27 10:30:00+00	50		15	0930691374	t
1166	2025-09-22 17:49:36.862276+00	2025-09-26 10:38:51.450985+00	\N	Sean Burke	20	10	2025-09-26 11:10:00+00	50	English speaking if possible	22	0884653775	t
1178	2025-09-27 11:26:30.447603+00	2025-09-28 07:18:52.440397+00	\N	Дилян Русев	13	10	2025-09-28 07:50:00+00	50		15	0895789696	t
1168	2025-09-23 19:27:32.549538+00	2025-09-27 08:28:51.52117+00	\N	STELIYANA KOLEVA	13	11	2025-09-27 09:00:00+00	40		15	0886763669	t
1177	2025-09-27 10:08:11.876285+00	2025-09-27 10:28:52.636926+00	\N	Stefan	12	10	2025-09-27 11:00:00+00	50		14	0887838319	t
1175	2025-09-27 09:11:38.752567+00	2025-09-27 10:48:51.501798+00	\N	Яни Иванов	13	10	2025-09-27 11:20:00+00	50		15	0899232617	t
1183	2025-09-30 06:38:07.747712+00	2025-09-30 06:38:07.747712+00	\N	Serkan	13	11	2025-09-30 07:00:00+00	40		15	0897026140	f
1180	2025-09-28 08:14:55.363718+00	2025-09-28 08:28:51.523849+00	\N	Степан 	12	11	2025-09-28 09:00:00+00	40		14	+359884146613	t
1171	2025-09-26 06:19:10.379675+00	2025-09-28 08:58:51.430126+00	\N	Vinit	13	10	2025-09-28 09:30:00+00	50		15	0791479276	t
1179	2025-09-27 23:58:25.835705+00	2025-09-28 10:28:51.76336+00	\N	Ivan	13	11	2025-09-28 11:00:00+00	40		15	0882705365	t
1184	2025-09-30 07:41:53.852461+00	2025-09-30 09:48:52.049562+00	\N	Sevgin Yusufov	13	11	2025-09-30 10:20:00+00	40		15	0897225900	t
1186	2025-09-30 11:54:13.908609+00	2025-09-30 11:54:13.908609+00	\N	Serkan	13	11	2025-09-30 12:20:00+00	40		15	0896611073	f
1181	2025-09-29 09:26:56.251426+00	2025-09-30 09:48:51.503646+00	\N	Dobroslav Stamov	20	11	2025-09-30 10:20:00+00	40	Там съм	22	0897732848	t
1174	2025-09-27 08:08:41.737925+00	2025-09-30 12:28:51.404375+00	\N	Orhan	13	11	2025-09-30 13:00:00+00	40		15	+359894071460	t
1187	2025-09-30 19:14:24.081871+00	2025-09-30 19:14:24.081871+00	\N	Dimitar Kruchinenko	20	11	2025-10-05 11:00:00+00	40		22	0888390814	f
1191	2025-10-02 14:36:31.887314+00	2025-10-02 15:38:51.4755+00	\N	Цветан Маринов	21	10	2025-10-02 16:10:00+00	50		23	0878753679	t
1185	2025-09-30 10:36:43.715872+00	2025-10-02 10:28:52.0292+00	\N	Dobroslav Stamov	20	11	2025-10-02 11:00:00+00	40		22	0897732848	t
1190	2025-10-02 14:20:33.691311+00	2025-10-03 13:48:51.456573+00	\N	Димитър 	13	11	2025-10-03 14:20:00+00	40		15	0879611852	t
1182	2025-09-29 14:46:02.90858+00	2025-10-03 15:28:51.465504+00	\N	Борис	20	13	2025-10-03 16:00:00+00	60	Комплексна услуга	22	0899989335	t
1188	2025-10-01 10:14:12.784359+00	2025-10-02 15:08:52.07902+00	\N	Georgi Georgiev	13	11	2025-10-02 15:40:00+00	40		15	0896813163	t
1189	2025-10-02 13:38:21.686662+00	2025-10-03 09:28:51.45962+00	\N	Hollandec	12	13	2025-10-03 10:00:00+00	60		14	+359894201881	t
1194	2025-10-03 10:42:45.710081+00	2025-10-03 10:42:45.710081+00	\N	Mario	12	10	2025-10-03 11:10:00+00	50		14	0883203051	f
1192	2025-10-03 05:30:12.923288+00	2025-10-03 05:30:12.923288+00	2025-10-03 10:55:51.716699+00	Mario	12	10	2025-10-03 13:30:00+00	50		14	0883203051	f
1196	2025-10-04 09:14:48.876228+00	2025-10-04 09:14:48.876228+00	\N	Питър 	13	11	2025-10-05 09:40:00+00	40		15	0898206017	f
1197	2025-10-04 09:50:52.013194+00	2025-10-04 09:50:52.013194+00	\N	Дилян Русев	13	10	2025-10-09 07:00:00+00	50		15	0895789696	f
1202	2025-10-05 09:08:22.070535+00	2025-10-05 09:08:22.070535+00	\N	Axel 	13	11	2025-10-05 10:20:00+00	40		15	+359876296111	f
1204	2025-10-05 14:04:17.919263+00	2025-10-05 14:04:17.919263+00	\N	Haashir Imran	13	10	2025-10-05 15:20:00+00	50	.	15	0778476575	f
1193	2025-10-03 07:31:51.307484+00	2025-10-03 07:31:51.307484+00	\N	Pavel	21	12	2025-10-03 08:00:00+00	20		23	+359895041435	f
1195	2025-10-03 11:16:23.463096+00	2025-10-03 11:16:23.463096+00	\N	Cory 	12	10	2025-10-04 07:00:00+00	50	(Sorry I dont speak Bulgarian)🙃 \n\nCheers. 	14	0883564189	f
1198	2025-10-04 16:54:42.589403+00	2025-10-04 16:54:42.589403+00	\N	Galjo	13	11	2025-10-05 07:40:00+00	40		15	0885944431	f
1199	2025-10-05 05:09:10.015184+00	2025-10-05 05:09:10.015184+00	\N	Vladi	12	10	2025-10-05 14:30:00+00	50		14	0886990994	f
1200	2025-10-05 05:10:21.469151+00	2025-10-05 05:10:21.469151+00	\N	Kiril	12	11	2025-10-05 15:20:00+00	40		14	0886990994	f
1201	2025-10-05 05:11:02.100177+00	2025-10-05 05:11:02.100177+00	\N	Tima	12	11	2025-10-05 16:00:00+00	40		14	0886990994	f
1203	2025-10-05 11:19:29.929523+00	2025-10-05 11:19:29.929523+00	\N	Dimitar Hristov	12	11	2025-10-05 13:00:00+00	40		14	0878682560	f
1205	2025-10-06 07:15:15.244757+00	2025-10-06 07:15:15.244757+00	\N	Svetlozar	13	11	2025-10-07 07:00:00+00	40		15	+359888433606	f
1206	2025-10-06 10:42:17.706305+00	2025-10-06 10:42:17.706305+00	\N	Mehmed	21	11	2025-10-10 07:00:00+00	40		23	+359895011170	f
1224	2025-10-11 12:05:44.216732+00	2025-10-11 12:05:44.216732+00	\N	Kristian	20	11	2025-10-11 13:00:00+00	40		22	0895752351	f
1208	2025-10-07 06:54:49.629232+00	2025-10-07 06:54:49.629232+00	\N	Dimitar	13	11	2025-10-07 12:20:00+00	40		15	0899666606	f
1209	2025-10-07 08:06:02.680285+00	2025-10-07 08:06:02.680285+00	\N	Svetlio	13	11	2025-10-07 09:00:00+00	40		15	+359888433606	f
1210	2025-10-07 15:20:30.814948+00	2025-10-07 15:20:30.814948+00	\N	Амди Амджъ	21	13	2025-10-08 12:00:00+00	60	Bosanem o boklu götune	23	+359885858653	f
1211	2025-10-07 21:14:20.876668+00	2025-10-07 21:14:20.876668+00	\N	Петър	13	11	2025-10-10 09:40:00+00	40		15	0897968057	f
1212	2025-10-08 15:59:55.472697+00	2025-10-08 15:59:55.472697+00	\N	Olivier LEVIGNE	21	11	2025-10-09 12:20:00+00	40		23	0876090789	f
1213	2025-10-08 19:27:53.059769+00	2025-10-08 19:27:53.059769+00	\N	Александр	13	10	2025-10-09 10:20:00+00	50		15	0882347747	f
1214	2025-10-09 07:38:52.202647+00	2025-10-09 07:38:52.202647+00	\N	DIAN 	20	10	2025-10-09 08:40:00+00	50		22	0988384145	f
1207	2025-10-06 12:40:49.786607+00	2025-10-06 12:40:49.786607+00	2025-10-09 07:56:42.862965+00	Yulian	12	12	2025-10-09 09:00:00+00	20		14	+359894201881	f
1215	2025-10-09 09:34:11.439563+00	2025-10-09 09:34:11.439563+00	\N	Dido	13	11	2025-10-09 09:40:00+00	40		15	0895789696	f
1216	2025-10-09 10:35:28.715453+00	2025-10-09 10:35:28.715453+00	\N	Виктор Ал Карали	13	10	2025-10-09 12:00:00+00	50		15	+359884031255	f
1217	2025-10-09 12:44:11.804192+00	2025-10-09 12:44:11.804192+00	\N	Стелиян Димитров	12	11	2025-10-12 08:20:00+00	40		14	0877335399	f
1218	2025-10-09 21:16:20.79085+00	2025-10-09 21:16:20.79085+00	\N	Georgi Radev	13	11	2025-10-10 07:00:00+00	40		15	0877714618	f
1219	2025-10-10 08:59:41.655747+00	2025-10-10 08:59:41.655747+00	\N	Antonio	13	10	2025-10-10 15:20:00+00	50		15	+359894971622	f
1220	2025-10-10 15:14:18.652541+00	2025-10-10 15:14:18.652541+00	\N	Степан 	21	11	2025-10-10 16:20:00+00	40		23	+359884146613	f
1221	2025-10-11 05:27:18.259871+00	2025-10-11 05:27:18.259871+00	\N	Влади	12	12	2025-10-11 07:00:00+00	20		14	0889625295	f
1222	2025-10-11 07:06:03.82256+00	2025-10-11 07:06:03.82256+00	\N	milad	20	10	2025-10-11 14:30:00+00	50		22	+359882829270	f
1223	2025-10-11 09:08:40.913115+00	2025-10-11 09:08:40.913115+00	\N	Радослав Радев	12	10	2025-10-11 14:30:00+00	50		14	0894666113	f
1225	2025-10-11 14:12:08.921828+00	2025-10-11 14:12:08.921828+00	\N	Ефраим 	13	10	2025-10-14 14:30:00+00	50		15	0899914476	f
1226	2025-10-11 16:09:39.11511+00	2025-10-11 16:09:39.11511+00	\N	Seyhan	13	13	2025-10-12 16:00:00+00	60		15	0877221297	f
1227	2025-10-12 07:37:46.750554+00	2025-10-12 07:37:46.750554+00	\N	Nikola	13	10	2025-10-17 14:30:00+00	50		15	0892352992	f
1228	2025-10-12 07:39:25.950435+00	2025-10-12 07:39:25.950435+00	\N	Yoan	13	11	2025-10-17 15:20:00+00	40		15	0892352992	f
1229	2025-10-12 08:32:16.309814+00	2025-10-12 08:32:16.309814+00	\N	Yavor	20	10	2025-10-12 09:30:00+00	50		22	0888723834	f
1230	2025-10-12 09:53:25.367192+00	2025-10-12 09:53:25.367192+00	\N	Александър Дончев	12	10	2025-10-12 14:30:00+00	50		14	0882711819	f
1231	2025-10-12 10:30:39.950931+00	2025-10-12 10:30:39.950931+00	\N	Kristiyan 	13	10	2025-10-12 14:30:00+00	50		15	0894810110	f
1232	2025-10-12 11:06:08.98977+00	2025-10-12 11:06:08.98977+00	\N	Demir Demirov	13	10	2025-10-12 12:50:00+00	50		15	0894210360	f
1233	2025-10-14 05:30:15.708406+00	2025-10-14 05:30:15.708406+00	\N	Chadly	13	10	2025-10-17 07:00:00+00	50		15	0897967961	f
1234	2025-10-14 10:16:13.048857+00	2025-10-14 10:16:13.048857+00	\N	Илкер	13	10	2025-10-15 16:10:00+00	50		15	0895255515	f
1235	2025-10-15 09:26:55.381703+00	2025-10-15 09:26:55.381703+00	\N	Дмитрмй	12	10	2025-10-16 16:10:00+00	50		14	+359888813027	f
1236	2025-10-15 10:12:12.039172+00	2025-10-15 10:12:12.039172+00	\N	Evgeni	21	11	2025-10-15 15:40:00+00	40		23	0896981646	f
1237	2025-10-15 18:32:53.263356+00	2025-10-15 18:32:53.263356+00	\N	Damyan Yordanov	13	11	2025-10-16 07:40:00+00	40		15	0884607021	f
1238	2025-10-16 05:42:47.615374+00	2025-10-16 05:42:47.615374+00	\N	Kyrylo	21	10	2025-10-21 07:00:00+00	50		23	+359884442647	f
1239	2025-10-16 09:01:56.497848+00	2025-10-16 09:01:56.497848+00	\N	Петър Стефанов	13	10	2025-10-18 10:20:00+00	50		15	0884537846	f
1240	2025-10-16 14:30:01.005273+00	2025-10-16 14:30:01.005273+00	\N	Yonathan 	13	11	2025-10-16 16:20:00+00	40		15	0876364002	f
1241	2025-10-16 15:19:24.155238+00	2025-10-16 15:19:24.155238+00	\N	Николай Диамандиев	13	11	2025-10-17 09:50:00+00	40		15	0885635777	f
1242	2025-10-16 17:46:25.443678+00	2025-10-16 17:46:25.443678+00	\N	Яни Иванов	13	10	2025-10-17 12:10:00+00	50		15	0899232617	f
1243	2025-10-16 18:53:56.858239+00	2025-10-16 18:53:56.858239+00	\N	Стефан Петков	13	11	2025-10-17 13:40:00+00	40		15	0886211776	f
1244	2025-10-17 08:41:06.771655+00	2025-10-17 08:41:06.771655+00	\N	Angel Parushev	13	10	2025-10-18 12:00:00+00	50		15	+359899440411	f
1245	2025-10-17 09:00:20.225321+00	2025-10-17 09:00:20.225321+00	\N	Tom saji	13	11	2025-10-17 16:00:00+00	40		15	0792854364	f
1246	2025-10-17 09:27:51.93752+00	2025-10-17 09:27:51.93752+00	\N	Светлозар Славов	13	11	2025-10-18 11:10:00+00	40		15	0895894824	f
1247	2025-10-17 10:58:36.223564+00	2025-10-17 10:58:36.223564+00	\N	Владимир	12	12	2025-10-22 15:00:00+00	20		14	0889625295	f
1248	2025-10-17 13:01:47.03383+00	2025-10-17 13:01:47.03383+00	\N	Don	12	10	2025-10-17 13:40:00+00	50		14	+359884001284	f
1249	2025-10-17 14:04:11.508777+00	2025-10-17 14:04:11.508777+00	\N	Berk	13	11	2025-10-18 14:50:00+00	40		15	0894611588	f
1250	2025-10-17 18:04:58.873603+00	2025-10-17 18:04:58.873603+00	\N	Светлозар Славов	13	11	2025-10-18 09:40:00+00	40		15	0895894824	f
1251	2025-10-17 19:08:54.857684+00	2025-10-17 19:08:54.857684+00	\N	Sinan Redzhebov	13	10	2025-10-19 08:40:00+00	50		15	0895183868	f
1252	2025-10-18 04:41:29.390687+00	2025-10-18 04:41:29.390687+00	\N	Martin	13	11	2025-10-19 12:50:00+00	40		15	0887319806	f
1253	2025-10-18 08:15:57.360264+00	2025-10-18 08:15:57.360264+00	\N	Georgi Zhelev	13	11	2025-10-18 09:00:00+00	40		15	0894440302	f
1254	2025-10-18 08:45:53.629455+00	2025-10-18 08:45:53.629455+00	\N	Виталий	21	10	2025-10-18 11:10:00+00	50		23	+359877173350	f
1256	2025-10-19 08:23:29.092136+00	2025-10-19 08:23:29.092136+00	\N	Viktor	13	10	2025-10-21 09:30:00+00	50		15	+359884031255	f
1257	2025-10-19 08:54:58.962803+00	2025-10-19 08:54:58.962803+00	\N	Bogdan	21	12	2025-10-19 15:20:00+00	20	i need crop haircut	23	0631488245	f
1258	2025-10-19 12:01:21.651039+00	2025-10-19 12:01:21.651039+00	\N	Jakob 	13	11	2025-10-19 14:10:00+00	40	+46 703257259	15	0000000000	f
1259	2025-10-19 13:13:07.861857+00	2025-10-19 13:13:07.861857+00	\N	Sevgin Yusufov	12	10	2025-10-19 14:20:00+00	50		14	0897225900	f
1262	2025-10-21 12:29:21.444904+00	2025-10-21 12:29:21.444904+00	\N	Yordan Damyanov	13	10	2025-10-22 15:20:00+00	50		15	+359889070727	f
1265	2025-10-22 05:22:23.974657+00	2025-10-22 05:22:23.974657+00	\N	Simeon Georgiev	20	10	2025-10-22 07:00:00+00	50		22	0895233405	f
1266	2025-10-22 07:27:51.188023+00	2025-10-22 07:27:51.188023+00	\N	 Alkin	13	11	2025-10-22 13:40:00+00	40		15	0876748535	f
1267	2025-10-22 08:07:17.086032+00	2025-10-22 08:07:17.086032+00	\N	Жиан Шихо	13	10	2025-10-22 08:40:00+00	50		15	+359879002215	f
1268	2025-10-22 10:02:03.185882+00	2025-10-22 10:02:03.185882+00	\N	Raphael Ramzy 	13	11	2025-10-31 16:20:00+00	40		15	+359887748341	f
1269	2025-10-22 13:16:33.254337+00	2025-10-22 13:16:33.254337+00	\N	Cihan	12	10	2025-10-23 09:40:00+00	50		14	+359894201881	f
1277	2025-10-23 17:30:44.843148+00	2025-10-23 17:30:44.843148+00	\N	Александър	13	11	2025-10-25 07:40:00+00	40		15	0877843409	f
1278	2025-10-23 17:32:03.246137+00	2025-10-23 17:32:03.246137+00	\N	Milad	13	10	2025-10-26 07:50:00+00	50		15	+359882829270	f
1279	2025-10-23 17:57:38.301295+00	2025-10-23 17:57:38.301295+00	\N	Александър	13	11	2025-10-26 08:40:00+00	40	Здравейте!\nМоля отменете часа който си записах за събота в 10 и 40 и го сменете на този.\nИзвинявам се!	15	0877843409	f
1280	2025-10-24 08:32:44.336225+00	2025-10-24 08:32:44.336225+00	\N	ANDREY LORGUS	12	11	2025-10-26 10:20:00+00	40		14	0879889029	f
1281	2025-10-24 08:40:44.679469+00	2025-10-24 08:40:44.679469+00	\N	ANDREY LORGUS	20	11	2025-11-05 12:20:00+00	40		22	0879889029	f
1282	2025-10-24 10:17:38.180673+00	2025-10-24 10:17:38.180673+00	\N	Явор Косев	12	10	2025-10-24 12:00:00+00	50		14	0895111649	f
1284	2025-10-24 20:46:27.014748+00	2025-10-24 20:46:27.014748+00	\N	Олег 	12	10	2025-10-25 10:20:00+00	50		14	0895290597	f
1285	2025-10-25 06:22:08.322871+00	2025-10-25 06:22:08.322871+00	\N	Радослав Радев	12	10	2025-10-25 14:30:00+00	50		14	0894666113	f
1286	2025-10-25 08:30:37.403206+00	2025-10-25 08:30:37.403206+00	\N	Alex	12	10	2025-10-26 11:50:00+00	50		14	0930691374	f
1287	2025-10-25 11:12:20.369269+00	2025-10-25 11:12:20.369269+00	\N	Emil Lozanov	13	11	2025-10-25 13:00:00+00	40		15	+359884403436	f
1288	2025-10-26 08:14:17.493258+00	2025-10-26 08:14:17.493258+00	\N	Нико	12	10	2025-10-26 16:00:00+00	50		14	0877477978	f
1255	2025-10-18 13:19:06.521207+00	2025-10-18 13:19:06.521207+00	\N	Stoil	12	11	2025-10-19 13:40:00+00	40		14	0893004990	f
1260	2025-10-21 08:53:52.88139+00	2025-10-21 08:53:52.88139+00	\N	Димитър	20	11	2025-10-23 13:00:00+00	40		22	0888390814	f
1261	2025-10-21 11:17:38.190366+00	2025-10-21 11:17:38.190366+00	\N	Michele	13	10	2025-10-23 07:00:00+00	50	3r42	15	+359999999999	f
1263	2025-10-21 17:19:52.782344+00	2025-10-21 17:19:52.782344+00	\N	Димитър	12	11	2025-10-23 09:00:00+00	40		14	0879066430	f
1264	2025-10-21 20:09:37.252223+00	2025-10-21 20:09:37.252223+00	\N	Yordan Damyanov	13	10	2025-10-23 10:20:00+00	50	записах час за сряда от 6 ако може да го променим за този	15	+359889070727	f
1271	2025-10-22 19:20:17.898532+00	2025-10-22 19:20:17.898532+00	\N	Hamoude	13	10	2025-10-26 12:50:00+00	50		15	+359898329208	f
1272	2025-10-23 07:58:42.76239+00	2025-10-23 07:58:42.76239+00	\N	Kristian 	20	11	2025-10-24 08:20:00+00	40		22	0895752351	f
1273	2025-10-23 09:09:57.452127+00	2025-10-23 09:09:57.452127+00	\N	Aleksandar	12	11	2025-10-24 15:40:00+00	40		14	+359684051548	f
1274	2025-10-23 10:33:32.056385+00	2025-10-23 10:33:32.056385+00	\N	Karani	13	10	2025-10-23 13:40:00+00	50		15	0899042999	f
1275	2025-10-23 11:40:20.673659+00	2025-10-23 11:40:20.673659+00	\N	Yaroslav	21	11	2025-10-25 10:20:00+00	40		23	0882972200	f
1276	2025-10-23 11:41:17.884547+00	2025-10-23 11:41:17.884547+00	\N	Svyatoslav 	13	11	2025-10-25 10:20:00+00	40		15	0882972200	f
1283	2025-10-24 12:46:42.087421+00	2025-10-24 12:46:42.087421+00	\N	Борис Борисов	20	13	2025-10-25 10:00:00+00	60		22	0899989335	f
1270	2025-10-22 15:07:44.525297+00	2025-10-22 15:07:44.525297+00	2025-10-25 11:48:49.614348+00	Олег 	12	10	2025-10-25 16:10:00+00	50	Възръстен и дете на 5 години	14	0895290597	f
1289	2025-10-26 08:55:48.590983+00	2025-10-26 08:55:48.590983+00	\N	Юлиян Минчев	13	11	2025-10-26 09:20:00+00	40		15	0888382290	f
1290	2025-10-26 18:43:59.631744+00	2025-10-26 18:43:59.631744+00	\N	Stefan	12	10	2025-10-30 09:30:00+00	50		14	0887838319	f
1291	2025-10-26 19:20:47.414339+00	2025-10-26 19:20:47.414339+00	\N	Доброслав Стамов	20	11	2025-10-28 11:40:00+00	40		22	0897732848	f
1292	2025-10-26 20:56:36.948118+00	2025-10-26 20:56:36.948118+00	\N	Здравко Арабаджийски 	20	10	2025-10-30 16:10:00+00	50		22	+359877271423	f
1293	2025-10-28 11:31:18.283846+00	2025-10-28 11:31:18.283846+00	\N	Коста Костов	20	11	2025-10-28 16:20:00+00	40		22	0886953775	f
1294	2025-10-28 14:38:22.531829+00	2025-10-28 14:38:22.531829+00	\N	Michele Oliverio	13	10	2025-10-30 08:40:00+00	50		15	+359176666666	f
1295	2025-10-28 18:53:57.175654+00	2025-10-28 18:53:57.175654+00	\N	İsco	12	11	2025-10-30 13:00:00+00	40		14	+359894201881	f
1296	2025-10-29 06:30:11.358415+00	2025-10-29 06:30:11.358415+00	\N	Николай Косев	21	10	2025-10-29 16:10:00+00	50		23	0885500895	f
1297	2025-10-29 08:15:46.608843+00	2025-10-29 08:15:46.608843+00	\N	Valentin 	13	10	2025-10-29 11:10:00+00	50		15	+359894787092	f
1298	2025-10-29 09:43:34.882655+00	2025-10-29 09:43:34.882655+00	\N	Shumi	12	11	2025-10-31 14:20:00+00	40		14	+359894201881	f
1299	2025-10-29 11:59:39.405893+00	2025-10-29 11:59:39.405893+00	\N	Canko	12	11	2025-10-30 11:00:00+00	40		14	+359894201881	f
1300	2025-10-30 08:58:30.513822+00	2025-10-30 08:58:30.513822+00	\N	Sean Burke	20	10	2025-11-04 13:40:00+00	50		22	+359884653775	f
1301	2025-10-31 10:07:57.033992+00	2025-10-31 10:07:57.033992+00	\N	Akhil Joachim	13	11	2025-10-31 11:00:00+00	40		15	+359877783899	f
1302	2025-10-31 10:57:28.472304+00	2025-10-31 10:57:28.472304+00	\N	Evgeni	20	11	2025-10-31 13:00:00+00	40		22	0555555555	f
1303	2025-10-31 10:58:47.544626+00	2025-10-31 10:58:47.544626+00	\N	Hamoude	13	10	2025-11-06 15:20:00+00	50		15	+359898329208	f
1304	2025-10-31 11:34:54.3052+00	2025-10-31 11:34:54.3052+00	\N	Владимир Моллов	12	12	2025-11-01 13:20:00+00	20		14	+359889625295	f
1305	2025-10-31 12:23:49.733924+00	2025-10-31 12:23:49.733924+00	\N	Росен	13	10	2025-11-01 07:00:00+00	50		15	0894762736	f
1306	2025-10-31 13:48:01.622536+00	2025-10-31 13:48:01.622536+00	\N	Damyan Yordanov	13	11	2025-10-31 15:00:00+00	40		15	0884607021	f
1307	2025-10-31 20:40:02.836737+00	2025-10-31 20:40:02.836737+00	\N	Драгослав Диамандиев	13	11	2025-11-02 07:00:00+00	40		15	0898526798	f
1308	2025-11-01 06:38:45.483531+00	2025-11-01 06:38:45.483531+00	\N	Kristian 	21	11	2025-11-01 08:20:00+00	40		23	0897780251	f
1309	2025-11-01 08:15:28.29247+00	2025-11-01 08:15:28.29247+00	\N	Хаккъ	13	10	2025-11-01 08:40:00+00	50		15	0899899543	f
\.


--
-- Data for Name: calendars; Type: TABLE DATA; Schema: public; Owner: User
--

COPY public.calendars (id, created_at, updated_at, deleted_at, user_id) FROM stdin;
2	2025-01-27 14:22:10.650287+00	2025-01-27 14:22:10.650287+00	\N	3
3	2025-01-27 14:26:53.967417+00	2025-01-27 14:26:53.967417+00	\N	4
15	2025-02-25 08:25:18.312566+00	2025-07-19 04:03:01.848945+00	\N	17
4	2025-01-27 15:44:37.341431+00	2025-01-27 19:45:47.912002+00	\N	5
6	2025-01-31 15:28:36.803652+00	2025-01-31 16:36:47.326888+00	\N	7
14	2025-02-24 22:13:50.269978+00	2025-04-23 06:49:33.528501+00	\N	16
22	2025-07-19 21:10:24.758089+00	2025-07-19 21:10:24.758089+00	\N	24
5	2025-01-29 16:08:04.950713+00	2025-02-02 15:26:35.575127+00	\N	6
19	2025-07-18 12:46:14.696035+00	2025-09-18 13:20:35.144507+00	\N	21
8	2025-02-02 19:10:38.465979+00	2025-02-02 19:10:38.465979+00	\N	10
7	2025-02-02 17:13:24.430832+00	2025-02-06 06:27:26.850659+00	\N	9
9	2025-02-24 09:56:30.072911+00	2025-02-24 14:05:24.995776+00	\N	11
10	2025-02-24 14:09:31.965707+00	2025-02-24 14:09:31.965707+00	\N	12
11	2025-02-24 14:35:00.727474+00	2025-02-24 14:35:00.727474+00	\N	13
21	2025-07-18 12:52:08.577191+00	2025-11-22 13:47:06.073153+00	\N	23
17	2025-07-09 18:35:19.237119+00	2025-07-09 18:35:19.237119+00	\N	19
18	2025-07-09 18:47:03.490102+00	2025-07-09 18:47:03.490102+00	\N	20
13	2025-02-24 19:08:34.03674+00	2025-11-23 11:24:32.427698+00	\N	15
16	2025-02-25 21:16:46.887231+00	2025-02-25 21:16:46.887231+00	\N	18
20	2025-07-18 12:50:34.280509+00	2025-11-23 14:08:32.424797+00	\N	22
12	2025-02-24 18:01:34.630412+00	2025-11-24 11:00:12.347593+00	\N	14
\.


--
-- Data for Name: closing_dates; Type: TABLE DATA; Schema: public; Owner: User
--

COPY public.closing_dates (id, created_at, updated_at, deleted_at, organization_id, user_id, date, description) FROM stdin;
66	2025-06-30 08:40:47.266056+00	2025-06-30 08:40:47.266056+00	2025-08-17 16:50:57.829385+00	17	14	2025-07-17 00:00:00+00	
1	2025-02-03 21:58:31.036174+00	2025-02-03 21:58:31.036174+00	2025-02-04 17:27:54.837064+00	14	\N	2025-03-01 00:00:00+00	test reason
2	2025-02-04 17:19:15.891414+00	2025-02-04 17:19:15.891414+00	2025-02-04 17:28:13.537596+00	14	\N	2025-03-13 00:00:00+00	kura
79	2025-08-21 14:19:59.252594+00	2025-08-21 14:19:59.252594+00	\N	17	23	2025-08-21 00:00:00+00	
4	2025-02-05 16:45:01.703906+00	2025-02-05 16:45:01.703906+00	2025-02-06 22:57:15.130208+00	14	\N	2025-02-13 00:00:00+00	
3	2025-02-05 16:43:07.990158+00	2025-02-05 16:43:07.990158+00	2025-02-06 22:57:22.251973+00	14	\N	2025-02-05 00:00:00+00	
5	2025-05-04 09:49:17.209631+00	2025-05-04 09:49:17.209631+00	2025-05-04 09:49:38.28207+00	17	14	2025-05-06 00:00:00+00	
78	2025-08-17 20:33:41.809459+00	2025-08-17 20:33:41.809459+00	2025-08-25 08:42:48.867426+00	17	14	2025-08-19 00:00:00+00	
80	2025-08-24 08:12:57.892186+00	2025-08-24 08:12:57.892186+00	2025-08-25 08:42:50.203445+00	17	14	2025-08-26 00:00:00+00	
81	2025-08-24 08:13:04.337185+00	2025-08-24 08:13:04.337185+00	2025-08-25 08:42:51.521743+00	17	14	2025-08-27 00:00:00+00	
8	2025-05-17 11:37:19.279284+00	2025-05-17 11:37:19.279284+00	2025-05-17 11:37:39.145239+00	17	14	2025-05-20 00:00:00+00	
77	2025-08-17 15:32:52.525694+00	2025-08-17 15:32:52.525694+00	2025-08-25 08:42:53.180615+00	17	14	2025-08-20 00:00:00+00	
6	2025-05-04 09:49:48.27592+00	2025-05-04 09:49:48.27592+00	2025-05-24 04:11:41.675805+00	17	14	2025-05-07 00:00:00+00	
7	2025-05-10 14:58:19.684027+00	2025-05-10 14:58:19.684027+00	2025-05-24 04:11:43.247217+00	17	14	2025-05-14 00:00:00+00	
9	2025-05-17 11:37:48.164439+00	2025-05-17 11:37:48.164439+00	2025-05-24 04:11:44.522538+00	17	14	2025-05-21 00:00:00+00	
10	2025-05-24 04:12:05.647704+00	2025-05-24 04:12:05.647704+00	2025-05-26 17:34:44.305989+00	17	14	2025-05-28 00:00:00+00	
84	2025-08-29 12:53:06.313561+00	2025-08-29 12:53:06.313561+00	2025-09-07 06:38:32.202199+00	17	14	2025-09-03 00:00:00+00	
83	2025-08-29 12:53:00.05796+00	2025-08-29 12:53:00.05796+00	2025-09-07 06:38:39.051022+00	17	14	2025-09-02 00:00:00+00	
82	2025-08-25 11:50:53.998432+00	2025-08-25 11:50:53.998432+00	2025-09-07 06:38:46.691926+00	17	14	2025-08-26 00:00:00+00	
16	2025-06-07 06:40:11.655987+00	2025-06-07 06:40:11.655987+00	2025-06-07 10:32:17.760668+00	17	14	2025-06-08 00:00:00+00	
17	2025-06-07 11:01:21.099802+00	2025-06-07 11:01:21.099802+00	2025-06-07 11:58:56.280451+00	17	14	2025-06-08 00:00:00+00	
87	2025-09-12 07:43:24.527224+00	2025-09-12 07:43:24.527224+00	\N	17	22	2025-09-14 00:00:00+00	
19	2025-06-17 03:36:50.225606+00	2025-06-17 03:36:50.225606+00	2025-06-19 16:20:27.469139+00	17	14	2025-06-18 00:00:00+00	
18	2025-06-12 13:35:19.285689+00	2025-06-12 13:35:19.285689+00	2025-06-19 16:20:28.278497+00	17	14	2025-06-13 00:00:00+00	
15	2025-06-01 07:57:11.953815+00	2025-06-01 07:57:11.953815+00	2025-06-19 16:20:29.017834+00	17	14	2025-06-12 00:00:00+00	
14	2025-06-01 07:56:51.845994+00	2025-06-01 07:56:51.845994+00	2025-06-19 16:20:29.641978+00	17	14	2025-06-11 00:00:00+00	
13	2025-06-01 07:56:42.440443+00	2025-06-01 07:56:42.440443+00	2025-06-19 16:20:30.99673+00	17	14	2025-06-10 00:00:00+00	
12	2025-06-01 07:56:32.590761+00	2025-06-01 07:56:32.590761+00	2025-06-19 16:20:32.190877+00	17	14	2025-06-09 00:00:00+00	
11	2025-05-26 17:34:55.504209+00	2025-05-26 17:34:55.504209+00	2025-06-19 16:20:33.787457+00	17	14	2025-05-29 00:00:00+00	
20	2025-06-20 11:00:28.526053+00	2025-06-20 11:00:28.526053+00	2025-06-20 19:37:12.512484+00	17	14	2025-06-25 00:00:00+00	
53	2025-06-26 18:42:31.095547+00	2025-06-26 18:42:31.095547+00	2025-06-26 18:43:10.872154+00	17	15	2025-06-29 00:00:00+00	
56	2025-06-26 18:43:47.163117+00	2025-06-26 18:43:47.163117+00	\N	17	15	2025-06-27 00:00:00+00	
21	2025-06-22 07:31:32.122786+00	2025-06-22 07:31:32.122786+00	2025-06-30 06:47:32.465593+00	17	14	2025-06-26 00:00:00+00	
22	2025-06-25 05:04:46.258371+00	2025-06-25 05:04:46.258371+00	2025-06-30 06:47:48.764462+00	17	14	2025-07-13 00:00:00+00	
23	2025-06-25 05:04:56.20092+00	2025-06-25 05:04:56.20092+00	2025-06-30 06:47:58.525706+00	17	14	2025-07-14 00:00:00+00	
24	2025-06-25 05:05:02.714972+00	2025-06-25 05:05:02.714972+00	2025-06-30 06:47:59.39824+00	17	14	2025-07-15 00:00:00+00	
25	2025-06-25 05:05:14.911382+00	2025-06-25 05:05:14.911382+00	2025-06-30 08:38:48.835644+00	17	14	2025-07-16 00:00:00+00	
60	2025-06-30 06:48:18.101034+00	2025-06-30 06:48:18.101034+00	2025-06-30 08:39:20.378534+00	17	14	2025-07-15 00:00:00+00	
63	2025-06-30 08:39:57.802927+00	2025-06-30 08:39:57.802927+00	\N	17	15	2025-07-03 00:00:00+00	
26	2025-06-25 05:05:22.535454+00	2025-06-25 05:05:22.535454+00	2025-06-30 08:40:01.090009+00	17	14	2025-07-17 00:00:00+00	
65	2025-06-30 08:40:10.007878+00	2025-06-30 08:40:10.007878+00	2025-06-30 08:40:13.842181+00	17	14	2025-07-17 00:00:00+00	
64	2025-06-30 08:39:58.382339+00	2025-06-30 08:39:58.382339+00	2025-06-30 08:40:26.750357+00	17	14	2025-07-03 00:00:00+00	
61	2025-06-30 08:39:40.083223+00	2025-06-30 08:39:40.083223+00	2025-06-30 08:40:52.130023+00	17	14	2025-07-16 00:00:00+00	
59	2025-06-30 06:48:11.347799+00	2025-06-30 06:48:11.347799+00	2025-06-30 08:41:02.646758+00	17	14	2025-07-14 00:00:00+00	
58	2025-06-30 06:47:19.554934+00	2025-06-30 06:47:19.554934+00	2025-06-30 08:41:13.972323+00	17	14	2025-07-03 00:00:00+00	
57	2025-06-30 06:47:11.651369+00	2025-06-30 06:47:11.651369+00	2025-06-30 08:41:16.793644+00	17	14	2025-07-02 00:00:00+00	
54	2025-06-26 18:43:21.075391+00	2025-06-26 18:43:21.075391+00	2025-06-30 11:07:53.328852+00	17	15	2025-06-29 00:00:00+00	
55	2025-06-26 18:43:33.092234+00	2025-06-26 18:43:33.092234+00	2025-06-30 11:07:53.742374+00	17	15	2025-06-28 00:00:00+00	
70	2025-07-02 09:37:08.470164+00	2025-07-02 09:37:08.470164+00	2025-07-02 15:21:33.335494+00	17	14	2025-07-03 00:00:00+00	
72	2025-07-12 09:43:39.613898+00	2025-07-12 09:43:39.613898+00	2025-07-12 11:09:31.382136+00	17	14	2025-07-13 00:00:00+00	
74	2025-07-28 16:02:32.560077+00	2025-07-28 16:02:32.560077+00	\N	17	23	2025-07-29 00:00:00+00	
75	2025-07-28 16:02:56.135522+00	2025-07-28 16:02:56.135522+00	\N	17	23	2025-07-29 00:00:00+00	
31	2025-06-25 05:05:55.236294+00	2025-06-25 05:05:55.236294+00	2025-08-17 15:32:57.413851+00	17	14	2025-07-22 00:00:00+00	
32	2025-06-25 05:06:01.544956+00	2025-06-25 05:06:01.544956+00	2025-08-17 15:32:58.574681+00	17	14	2025-07-23 00:00:00+00	
33	2025-06-25 05:06:09.977089+00	2025-06-25 05:06:09.977089+00	2025-08-17 15:32:59.817642+00	17	14	2025-07-24 00:00:00+00	
30	2025-06-25 05:05:49.821014+00	2025-06-25 05:05:49.821014+00	2025-08-17 15:33:07.585931+00	17	14	2025-07-21 00:00:00+00	
34	2025-06-25 05:06:22.924797+00	2025-06-25 05:06:22.924797+00	2025-08-17 15:33:08.034806+00	17	14	2025-07-25 00:00:00+00	
29	2025-06-25 05:05:42.80024+00	2025-06-25 05:05:42.80024+00	2025-08-17 15:33:08.051601+00	17	14	2025-07-20 00:00:00+00	
37	2025-06-25 05:06:47.245898+00	2025-06-25 05:06:47.245898+00	2025-08-17 16:49:46.524387+00	17	14	2025-07-28 00:00:00+00	
36	2025-06-25 05:06:38.551277+00	2025-06-25 05:06:38.551277+00	2025-08-17 16:49:48.255293+00	17	14	2025-07-27 00:00:00+00	
35	2025-06-25 05:06:29.957623+00	2025-06-25 05:06:29.957623+00	2025-08-17 16:49:49.468973+00	17	14	2025-07-26 00:00:00+00	
40	2025-06-25 05:07:16.242021+00	2025-06-25 05:07:16.242021+00	2025-08-17 16:49:50.536559+00	17	14	2025-08-02 00:00:00+00	
42	2025-06-25 05:07:35.437999+00	2025-06-25 05:07:35.437999+00	2025-08-17 16:49:51.74166+00	17	14	2025-08-04 00:00:00+00	
44	2025-06-25 05:07:47.198223+00	2025-06-25 05:07:47.198223+00	2025-08-17 16:49:52.740181+00	17	14	2025-08-06 00:00:00+00	
46	2025-06-25 05:08:01.77831+00	2025-06-25 05:08:01.77831+00	2025-08-17 16:49:53.566653+00	17	14	2025-08-08 00:00:00+00	
45	2025-06-25 05:07:53.752159+00	2025-06-25 05:07:53.752159+00	2025-08-17 16:50:10.820222+00	17	14	2025-08-07 00:00:00+00	
43	2025-06-25 05:07:40.681883+00	2025-06-25 05:07:40.681883+00	2025-08-17 16:50:11.390934+00	17	14	2025-08-05 00:00:00+00	
41	2025-06-25 05:07:29.712607+00	2025-06-25 05:07:29.712607+00	2025-08-17 16:50:11.961486+00	17	14	2025-08-03 00:00:00+00	
39	2025-06-25 05:07:09.500734+00	2025-06-25 05:07:09.500734+00	2025-08-17 16:50:12.637927+00	17	14	2025-08-01 00:00:00+00	
38	2025-06-25 05:07:00.347623+00	2025-06-25 05:07:00.347623+00	2025-08-17 16:50:14.19795+00	17	14	2025-07-31 00:00:00+00	
73	2025-07-12 13:51:06.283556+00	2025-07-12 13:51:06.283556+00	2025-08-17 16:50:18.925277+00	17	14	2025-07-13 00:00:00+00	
69	2025-06-30 08:41:44.623987+00	2025-06-30 08:41:44.623987+00	2025-08-17 16:50:20.340842+00	17	14	2025-07-14 00:00:00+00	
67	2025-06-30 08:41:26.738426+00	2025-06-30 08:41:26.738426+00	2025-08-17 16:50:22.790744+00	17	14	2025-07-02 00:00:00+00	
62	2025-06-30 08:39:48.811417+00	2025-06-30 08:39:48.811417+00	2025-08-17 16:50:24.047162+00	17	14	2025-07-15 00:00:00+00	
51	2025-06-25 05:08:43.060688+00	2025-06-25 05:08:43.060688+00	2025-08-17 16:50:25.238415+00	17	14	2025-08-13 00:00:00+00	
48	2025-06-25 05:08:17.415073+00	2025-06-25 05:08:17.415073+00	2025-08-17 16:50:31.668191+00	17	14	2025-08-10 00:00:00+00	
50	2025-06-25 05:08:34.229986+00	2025-06-25 05:08:34.229986+00	2025-08-17 16:50:33.071171+00	17	14	2025-08-12 00:00:00+00	
52	2025-06-26 09:11:05.241723+00	2025-06-26 09:11:05.241723+00	2025-08-17 16:50:34.646744+00	17	14	2025-07-01 00:00:00+00	
68	2025-06-30 08:41:35.111617+00	2025-06-30 08:41:35.111617+00	2025-08-17 16:50:35.564177+00	17	14	2025-07-16 00:00:00+00	
76	2025-08-17 15:32:46.278725+00	2025-08-17 15:32:46.278725+00	2025-08-17 16:50:37.452069+00	17	14	2025-08-19 00:00:00+00	
71	2025-07-06 08:05:10.890626+00	2025-07-06 08:05:10.890626+00	2025-08-17 16:50:38.108491+00	17	14	2025-07-08 00:00:00+00	
28	2025-06-25 05:05:36.07614+00	2025-06-25 05:05:36.07614+00	2025-08-17 16:50:43.596505+00	17	14	2025-07-19 00:00:00+00	
27	2025-06-25 05:05:29.417172+00	2025-06-25 05:05:29.417172+00	2025-08-17 16:50:47.898023+00	17	14	2025-07-18 00:00:00+00	
47	2025-06-25 05:08:07.527593+00	2025-06-25 05:08:07.527593+00	2025-08-17 16:50:49.498847+00	17	14	2025-08-09 00:00:00+00	
49	2025-06-25 05:08:26.799776+00	2025-06-25 05:08:26.799776+00	2025-08-17 16:50:51.220382+00	17	14	2025-08-11 00:00:00+00	
88	2025-09-12 07:43:34.04368+00	2025-09-12 07:43:34.04368+00	\N	17	22	2025-09-15 00:00:00+00	
85	2025-09-07 06:38:28.9092+00	2025-09-07 06:38:28.9092+00	2025-09-25 15:03:09.383669+00	17	14	2025-09-09 00:00:00+00	
89	2025-09-15 07:24:16.370986+00	2025-09-15 07:24:16.370986+00	2025-09-25 15:03:11.344096+00	17	14	2025-09-17 00:00:00+00	
90	2025-09-16 05:12:08.633213+00	2025-09-16 05:12:08.633213+00	2025-09-25 15:03:12.272542+00	17	14	2025-09-18 00:00:00+00	
91	2025-09-22 15:35:35.744962+00	2025-09-22 15:35:35.744962+00	2025-09-25 15:03:13.432627+00	17	14	2025-09-23 00:00:00+00	
92	2025-09-22 15:35:42.818507+00	2025-09-22 15:35:42.818507+00	2025-09-25 15:03:14.036601+00	17	14	2025-09-24 00:00:00+00	
86	2025-09-08 12:49:27.448778+00	2025-09-08 12:49:27.448778+00	2025-09-25 15:03:18.786023+00	17	14	2025-09-10 00:00:00+00	
93	2025-09-29 19:08:23.990309+00	2025-09-29 19:08:23.990309+00	2025-10-03 07:48:21.412853+00	17	14	2025-09-30 00:00:00+00	
94	2025-09-29 19:08:31.352697+00	2025-09-29 19:08:31.352697+00	2025-10-03 07:48:22.747124+00	17	14	2025-10-01 00:00:00+00	
95	2025-10-03 07:48:24.215531+00	2025-10-03 07:48:24.215531+00	2025-10-03 07:48:28.998776+00	17	14	2025-10-05 00:00:00+00	
97	2025-10-03 07:48:42.058641+00	2025-10-03 07:48:42.058641+00	2025-10-10 10:30:12.72481+00	17	14	2025-10-07 00:00:00+00	
98	2025-10-03 07:48:50.452421+00	2025-10-03 07:48:50.452421+00	2025-10-10 10:30:13.256239+00	17	14	2025-10-08 00:00:00+00	
96	2025-10-03 07:48:36.095511+00	2025-10-03 07:48:36.095511+00	2025-10-10 10:30:16.081127+00	17	14	2025-10-06 00:00:00+00	
99	2025-10-14 06:07:54.580597+00	2025-10-14 06:07:54.580597+00	2025-10-17 14:42:16.413682+00	17	14	2025-10-15 00:00:00+00	
100	2025-10-17 14:41:35.600703+00	2025-10-17 14:41:35.600703+00	2025-10-17 14:42:18.169145+00	17	14	2025-10-19 00:00:00+00	
103	2025-10-17 14:42:33.995784+00	2025-10-17 14:42:33.995784+00	2025-10-20 13:36:10.872795+00	17	14	2025-10-22 00:00:00+00	
102	2025-10-17 14:42:27.377317+00	2025-10-17 14:42:27.377317+00	2025-10-20 13:36:29.344431+00	17	14	2025-10-21 00:00:00+00	
101	2025-10-17 14:42:01.932177+00	2025-10-17 14:42:01.932177+00	2025-10-25 11:49:10.59867+00	17	14	2025-10-20 00:00:00+00	
104	2025-10-20 13:36:39.223611+00	2025-10-20 13:36:39.223611+00	2025-10-25 11:49:12.234666+00	17	14	2025-10-21 00:00:00+00	
105	2025-10-21 09:02:21.014383+00	2025-10-21 09:02:21.014383+00	2025-10-25 11:49:13.394303+00	17	14	2025-10-22 00:00:00+00	
112	2025-11-16 16:41:37.34529+00	2025-11-16 16:41:37.34529+00	\N	17	14	2025-11-18 00:00:00+00	
113	2025-11-16 16:41:44.157141+00	2025-11-16 16:41:44.157141+00	2025-11-16 16:41:58.527623+00	17	14	2025-11-19 00:00:00+00	
114	2025-11-16 16:42:06.44122+00	2025-11-16 16:42:06.44122+00	\N	17	14	2025-11-19 00:00:00+00	
106	2025-10-26 10:04:31.362623+00	2025-10-26 10:04:31.362623+00	2025-11-16 16:42:07.749724+00	17	14	2025-10-28 00:00:00+00	
107	2025-10-26 10:04:36.363319+00	2025-10-26 10:04:36.363319+00	2025-11-16 16:42:09.665676+00	17	14	2025-10-29 00:00:00+00	
108	2025-11-03 09:52:07.033594+00	2025-11-03 09:52:07.033594+00	2025-11-16 16:42:11.110295+00	17	14	2025-11-04 00:00:00+00	
109	2025-11-03 09:52:13.378633+00	2025-11-03 09:52:13.378633+00	2025-11-16 16:42:12.729836+00	17	14	2025-11-05 00:00:00+00	
110	2025-11-10 07:18:01.796772+00	2025-11-10 07:18:01.796772+00	2025-11-16 16:42:13.954866+00	17	14	2025-11-11 00:00:00+00	
111	2025-11-10 07:18:09.403644+00	2025-11-10 07:18:09.403644+00	2025-11-16 16:42:18.346827+00	17	14	2025-11-12 00:00:00+00	
115	2025-11-24 07:52:16.871844+00	2025-11-24 07:52:16.871844+00	\N	17	14	2025-11-26 00:00:00+00	
\.


--
-- Data for Name: invites; Type: TABLE DATA; Schema: public; Owner: User
--

COPY public.invites (id, created_at, updated_at, deleted_at, token, role, organization_id, used, receiver_email) FROM stdin;
2	2025-01-27 14:13:01.080077+00	2025-01-27 14:13:01.080077+00	\N	b6b8718938a61ea621cb9ba661e63b85	client	4	f	\N
1	2025-01-27 14:10:48.664503+00	2025-01-27 14:14:50.91027+00	\N	400c32dc9bdb326adf5859c5b0652a25	admin	2	t	\N
3	2025-01-27 14:19:15.57798+00	2025-01-27 14:20:21.434948+00	\N	ddb670c63cc0e97850a2aace0af808f4	admin	5	t	\N
4	2025-01-27 14:21:02.513057+00	2025-01-27 14:22:10.64617+00	\N	8c146aa2d2a969caee819b931ccc6db8	admin	6	t	\N
5	2025-01-27 14:24:36.965387+00	2025-01-27 14:26:53.964619+00	\N	3ab7661b4d5608c1dabcc6a3cf969aed	admin	7	t	\N
6	2025-01-27 15:43:33.217382+00	2025-01-27 15:44:37.335935+00	\N	e1eec27e4c26414e02abc0cadf413f8a	client	8	t	\N
7	2025-01-27 18:57:12.771164+00	2025-01-27 18:57:12.771164+00	\N	4a8eda4ef90a25385bb779f7469f33a4	client	9	f	\N
8	2025-01-29 16:06:20.850394+00	2025-01-29 16:08:04.945011+00	\N	5403f30f617c6da428bfbe566ace9baa	client	10	t	\N
9	2025-01-29 16:20:25.165744+00	2025-01-29 16:20:25.165744+00	\N	d9e3a81e0a03ddebd4d79dcc79364001	employee	10	f	\N
10	2025-01-30 00:01:28.495757+00	2025-01-30 00:01:28.495757+00	\N	a4686a38341841998cfa373405367504	client	9	f	\N
11	2025-01-30 00:02:00.561111+00	2025-01-30 00:02:00.561111+00	\N	22861b449f1659dd29886f797598bc40	client	8	f	\N
12	2025-01-30 00:03:35.04894+00	2025-01-30 00:03:35.04894+00	\N	1c5bab87f68d90c0d0516aa5f0be74e6	client	8	f	\N
13	2025-01-30 00:05:30.468967+00	2025-01-30 00:05:30.468967+00	\N	30f1c435915b6d15ebf491e9b4758ba8	client	6	f	\N
14	2025-01-30 00:06:43.445423+00	2025-01-30 00:06:43.445423+00	\N	9aa5753221f12951247b45462af2d7ca	employee	8	f	\N
15	2025-01-30 00:10:52.987132+00	2025-01-30 00:10:52.987132+00	\N	642e695427f8cbe74d639dd476a556b4	employee	8	f	\N
16	2025-01-30 00:24:20.128025+00	2025-01-30 00:24:20.128025+00	\N	81400179c46266b99b5184ea6481d823	client	10	f	\N
17	2025-01-30 00:24:52.907433+00	2025-01-30 00:24:52.907433+00	\N	01284a8c1c32dee6a9616e3f67599ed8	employee	10	f	\N
18	2025-01-30 13:23:52.583458+00	2025-01-30 13:23:52.583458+00	\N	b22a0ce6b7426efb500df931acd17fc2	client	7	f	\N
19	2025-01-30 13:24:18.136607+00	2025-01-30 13:24:18.136607+00	\N	5b97250616e253bd00ebb1465a5cac54	client	7	f	\N
20	2025-01-30 13:31:09.254384+00	2025-01-30 13:31:09.254384+00	\N	3adc491b1f3f4914b9a6f35765ba69b9	client	8	f	\N
21	2025-01-30 13:32:10.550359+00	2025-01-30 13:32:10.550359+00	\N	c462229b51d5d31c71775f55d576a76b	employee	8	f	\N
22	2025-01-31 15:26:51.605388+00	2025-01-31 15:28:36.798949+00	\N	c53a56eae2bb75bcd41fabeaedfe9c92	client	11	t	\N
23	2025-02-02 09:55:41.324951+00	2025-02-02 09:55:41.324951+00	\N	feba6caaa7786842e37b00cb55ab5b41	admin	12	f	\N
24	2025-02-02 17:05:30.823874+00	2025-02-02 17:06:47.322212+00	\N	f0f7e42bebf749b495200df84f596431	client	14	t	\N
25	2025-02-02 17:09:28.826095+00	2025-02-02 17:09:28.826095+00	\N	ce797af2ab4cd9350b8a4d97ce306cd6	client	14	f	\N
26	2025-02-02 17:11:10.846677+00	2025-02-02 17:13:24.426658+00	\N	e72f39e756a47313d7102c00d7191d44	client	14	t	\N
27	2025-02-02 17:20:14.188912+00	2025-02-02 17:20:14.188912+00	\N	f7cb5eabe64ad3d49ca708cf42fd9370	employee	14	f	\N
28	2025-02-02 17:23:42.48556+00	2025-02-02 17:23:42.48556+00	\N	c4f81cb57fb5b9d7f52da637025503bd	employee	14	f	\N
29	2025-02-02 19:06:10.027428+00	2025-02-02 19:06:10.027428+00	\N	5101a9ee1fe6ade520f45f7477e8e37e	admin	12	f	\N
30	2025-02-02 19:09:18.743989+00	2025-02-02 19:09:18.743989+00	\N	eb9fc6076a99a02b521bc089345249b0	admin	12	f	\N
31	2025-02-02 19:09:43.155982+00	2025-02-02 19:10:38.46109+00	\N	372f131b139a228da5d570b03da839f0	admin	12	t	\N
32	2025-02-24 09:36:49.494161+00	2025-02-24 09:36:49.494161+00	\N	f8b5d360159bf3d92a42a21faa0b80bf	client	17	f	\N
33	2025-02-24 09:38:47.449992+00	2025-02-24 09:38:47.449992+00	\N	a92957d8933f9f3c3a8385b8112dbae5	client	17	f	\N
34	2025-02-24 09:55:52.47518+00	2025-02-24 09:56:30.068462+00	\N	b2d6dc63c4e1b4b0cb3baa5c9900f50e	client	17	t	\N
36	2025-02-24 14:07:43.861636+00	2025-02-24 14:09:31.958465+00	\N	48b6310e0a3a2f6fb1a24ee74cab8fd1	employee	17	t	\N
38	2025-02-24 14:29:54.393608+00	2025-02-24 14:35:00.721013+00	\N	1c5cd0c9ab142e792f7f43b7411c93e3	admin	17	t	\N
39	2025-02-24 17:47:27.193789+00	2025-02-24 17:47:27.193789+00	\N	42fc85ef4ec5cbc8597478f7283d039b	employee	17	f	nmbd007@gmail.com
40	2025-02-24 17:48:34.136836+00	2025-02-24 18:01:34.624949+00	\N	54985686b5edd239ac4bf987bf3b348c	client	17	t	nmbd007@gmail.com
35	2025-02-24 13:43:39.711129+00	2025-02-24 19:08:34.030976+00	\N	74484e2ac71554ce82cfbde82963e55f	client	17	t	
41	2025-02-24 17:49:41.335995+00	2025-02-24 22:13:50.265011+00	\N	04b57fd59502b2a6fc17964813b3e72c	client	17	t	Martovarna31@gmail.com
42	2025-02-24 17:50:07.529008+00	2025-02-25 08:25:18.307664+00	\N	612ee537abc639569fc426b19195f4e1	client	17	t	er6ateqk7@gmail.com
43	2025-02-25 21:13:28.024889+00	2025-02-25 21:16:46.880737+00	\N	6300c4f8058e5a5dbdae781151023082	admin	17	t	gjelev99@gmail.com
44	2025-07-05 21:00:45.200872+00	2025-07-05 21:00:45.200872+00	\N	e5bc8c82b2afd1e152f2a6216c007bc1	employee	17	f	Ikbalsabri698@gmail.com
45	2025-07-06 14:37:54.389079+00	2025-07-06 14:37:54.389079+00	\N	17c8a107452a27c7d97faa7491e617c1	employee	17	f	Ikbalsabri698@gmail.com
46	2025-07-06 14:41:11.539627+00	2025-07-06 14:41:11.539627+00	\N	66bfa4de2a4e49c255e3b1b937098f0f	employee	17	f	winner_2002@abv.bg
47	2025-07-06 14:58:00.404233+00	2025-07-06 14:58:00.404233+00	\N	5409c0076fac775bc2850bd94786a27d	employee	17	f	ismailfiki@abv.bg
48	2025-07-09 18:18:24.361018+00	2025-07-09 18:35:19.225998+00	\N	c72b04688d572dea0b1543d33fdab68a	employee	17	t	gffsfku30c@zudpck.com
49	2025-07-09 18:41:00.500349+00	2025-07-09 18:41:00.500349+00	\N	45a5f74f5aa8b25da90927c25f9a8934	employee	17	f	vykecygo@forexzig.com
50	2025-07-09 18:45:53.028495+00	2025-07-09 18:47:03.48617+00	\N	2520c5170d7f14d4236f791f628e1c7a	employee	17	t	vykecygo@forexzig.com
51	2025-07-09 19:02:35.361998+00	2025-07-09 19:02:35.361998+00	\N	efd9374d01d685b9aef0df272fd8d46f	employee	17	f	fixubolo@forexzig.com
52	2025-07-14 12:23:01.117511+00	2025-07-14 12:23:01.117511+00	\N	b0c372e15de2d2517ecf088638cca64d	employee	17	f	Ikbalsabri698@gmail.com
53	2025-07-14 12:23:09.100505+00	2025-07-14 12:23:09.100505+00	\N	e5d38e19de3a6ee02131f66ee9786814	employee	17	f	winner_2002@abv.bg
54	2025-07-14 12:23:14.896238+00	2025-07-14 12:23:14.896238+00	\N	d62db7fe88fa030b8dc04a00afc4dd18	employee	17	f	ismailfiki@abv.bg
55	2025-07-18 12:42:34.999173+00	2025-07-18 12:46:14.691939+00	\N	3a67169f62d1176718721830dbc04c0d	employee	17	t	Ikbalsabri698@outlook.com
56	2025-07-18 12:47:40.851172+00	2025-07-18 12:47:40.851172+00	\N	270f8d672ab997606ceed6b1e6e6f624	employee	17	f	gohiny@fxzig.com
57	2025-07-18 12:47:52.594902+00	2025-07-18 12:50:34.277168+00	\N	ac130c9a5525aa33db71dbe4e5e536e9	employee	17	t	gohiny@fxzig.com
58	2025-07-18 12:51:19.466444+00	2025-07-18 12:52:08.573987+00	\N	122982b5c92c7abbe3dff1c9f4844d8c	employee	17	t	liliro@cyclelove.cc
37	2025-02-24 14:16:09.23179+00	2025-07-19 21:10:24.754819+00	\N	68c2cce00bf6dc10063179e597d71a89	admin	17	t	
59	2025-07-25 08:30:06.428573+00	2025-07-25 08:30:06.428573+00	\N	d6b070a73802fd062ccf196dad71f67e	admin	16	f	savito2007@abv.bg
60	2025-07-25 09:24:34.172241+00	2025-07-25 09:24:34.172241+00	\N	3e2bf09dcf96320562b3afb1a41e8f76	admin	16	f	sowebon388@dariolo.com
\.


--
-- Data for Name: organizations; Type: TABLE DATA; Schema: public; Owner: User
--

COPY public.organizations (id, created_at, updated_at, deleted_at, name, description, opening_hour, closing_hour, address, phone_number) FROM stdin;
2	2025-01-27 14:00:10.434693+00	2025-01-27 14:00:10.434693+00	2025-01-27 14:12:28.593335+00	Testova organizaciq 1	test	07:59	21:00	Dobri D	0899072095
3	2025-01-27 14:02:49.768226+00	2025-01-27 14:02:49.768226+00	2025-01-27 14:12:30.48651+00	Na Kamen organizaciqta	test	03:02	20:02	Dobri D	0899072095
4	2025-01-27 14:12:45.031655+00	2025-01-27 14:12:45.031655+00	2025-01-27 14:18:51.540753+00	Testova organizaciq 1	test	02:12	20:12	Dobri D	0899072095
5	2025-01-27 14:19:02.502295+00	2025-01-27 14:19:02.502295+00	2025-01-27 14:19:30.672316+00	test	test	16:18	22:18	test	0899072095
9	2025-01-27 18:44:09.566369+00	2025-01-27 19:36:47.89465+00	2025-01-30 00:03:08.838468+00	John's barbershop	Springfield, IL 62701	08:00	18:00	123 Maple Street	(555) 123-4567
10	2025-01-29 16:06:04.470835+00	2025-01-29 16:06:04.470835+00	2025-02-02 17:02:42.579559+00	FirstclassBarber		10:00	20:00	Varna	0879555459
6	2025-01-27 14:20:51.545199+00	2025-01-27 14:20:51.545199+00	2025-02-02 19:18:24.207508+00	test	test	16:20	21:20	test	0899072095
18	2025-07-25 08:22:09.761274+00	2025-07-25 08:22:09.761274+00	\N	Savi Yankulov	асд	\N	\N	fd	fds
17	2025-02-24 09:24:19.481759+00	2025-08-07 17:23:36.518927+00	\N	FirstClassBarberShop	FirstClass Barber shop Varna	\N	\N	GrandMall Varna	0888980127
15	2025-02-03 16:36:41.21155+00	2025-02-03 16:36:41.21155+00	2025-02-03 16:36:52.247544+00	Savi Yankulov	fds	\N	\N	fd	fds
16	2025-02-03 16:37:01.4796+00	2025-02-03 16:37:01.4796+00	\N	Savi Yankulov	fs	\N	\N	fs	fds
7	2025-01-27 14:22:45.200562+00	2025-01-27 14:22:45.200562+00	2025-02-24 09:20:48.736884+00	Mityo e velik programist	mnogo e vqrno	16:22	22:22	da taka e	0899072095
8	2025-01-27 15:43:21.59595+00	2025-01-30 13:34:52.74835+00	2025-02-24 09:20:51.112637+00	John's barbershop 123	Springfield, IL 62701	08:00	18:00	123 Maple Street	(555) 123-4567
11	2025-01-31 15:26:38.009459+00	2025-01-31 15:26:38.009459+00	2025-02-24 09:20:53.479739+00	na kamen testa	test	17:26	23:26	test	0899072095
12	2025-02-02 09:55:06.822295+00	2025-02-02 09:55:06.822295+00	2025-02-24 09:20:55.852424+00	na savi orga	test	11:55	16:55	Dobri D	0899072095
13	2025-02-02 17:02:54.643158+00	2025-02-02 17:02:54.643158+00	2025-02-24 09:20:57.642597+00	Kamen's Workspace	kak si moii	\N	\N	Gendragomirov 7	0888997441
14	2025-02-02 17:02:58.147012+00	2025-02-02 21:44:37.634747+00	2025-02-24 09:21:16.985145+00	FirstclassBarber	test	\N	\N	Varna	000000000
\.


--
-- Data for Name: services; Type: TABLE DATA; Schema: public; Owner: User
--

COPY public.services (id, created_at, updated_at, deleted_at, organization_id, name, description, price) FROM stdin;
2	2025-01-27 19:53:42.315151+00	2025-01-27 19:53:42.315151+00	\N	8	Buzz cut	Short cut	10
1	0001-01-01 00:00:00+00	2025-01-27 19:53:52.436483+00	\N	8	Clean shave	Clean shave with a straight razor	15
3	2025-01-29 16:13:57.213442+00	2025-01-29 16:13:57.213442+00	\N	10	Hair	Hair	30
5	2025-02-02 17:14:30.824989+00	2025-02-02 17:14:30.824989+00	\N	14	Shave	shave	15
6	2025-02-02 17:14:46.838644+00	2025-02-02 17:14:46.838644+00	\N	14	Haircut + Shave	Haircut + Shave	30
8	2025-02-04 16:26:19.932316+00	2025-02-04 16:26:19.932316+00	\N	16	SA	D	1
9	0001-01-01 00:00:00+00	2025-02-04 20:31:03.899937+00	\N	11	Savi Yankulov	fsa	10
7	0001-01-01 00:00:00+00	2025-02-06 22:52:32.430371+00	\N	7	гдсdf	фас	10
4	0001-01-01 00:00:00+00	2025-02-09 13:18:05.368059+00	\N	14	Haircut	haircut	20
10	2025-02-24 09:25:24.041766+00	2025-02-24 09:25:24.041766+00	\N	17	Коса и брада	Подстрижка+брада	50
11	2025-02-24 09:25:38.138425+00	2025-02-24 09:25:38.138425+00	\N	17	Подстрижка	Подстрижка	40
12	2025-02-24 09:26:01.946426+00	2025-02-24 09:26:01.946426+00	\N	17	Бръснене	Брада	20
13	2025-02-24 09:26:13.88168+00	2025-02-24 09:26:13.88168+00	\N	17	Комплекс	Комплект пакет	70
\.


--
-- Data for Name: users; Type: TABLE DATA; Schema: public; Owner: User
--

COPY public.users (id, created_at, updated_at, deleted_at, clerk_id, organization_id, first_name, last_name, email, role) FROM stdin;
3	2025-01-27 14:22:10.649507+00	2025-01-27 14:22:10.649507+00	\N	user_2sDQaZqiaHcwtAoed6jYheVELgG	\N	Mityo	Draganov	mityodraganow@gmail.com	admin
6	2025-01-29 16:08:04.948748+00	2025-01-29 16:08:04.948748+00	\N	user_2sJHiTe7xeVFh1bOwS8o7O9ATkr	10	First	Class	bgtrak@gmail.com	client
5	2025-01-27 15:44:37.338845+00	2025-01-27 15:44:37.338845+00	\N	user_2sDacJ25YWA1C5fBY45yVLB1VxB	8	John	Smith	mitko20007@gmail.com	client
7	2025-01-31 15:28:36.801601+00	2025-01-31 15:28:36.801601+00	\N	user_2sOrACYWIvycMM4Dh3jxvp5XgRy	11	Na	KamenTesta	kacir85806@gufutu.com	client
10	2025-02-02 19:10:38.464211+00	2025-02-02 19:10:38.464211+00	\N	user_2sUwPWZLibSfyi1B9NRT6tP3xiT	\N	Сави	Янкулов	savito2007@gmail.com	admin
14	2025-02-24 18:01:34.628186+00	2025-02-24 18:01:34.628186+00	\N	user_2tUwjAT0pgZDzqxPEX0RuWMZ3NJ	17	İsco	Ridvanov	nmbd007@gmail.com	client
15	2025-02-24 19:08:34.034854+00	2025-02-24 19:08:34.034854+00	\N	user_2tV4sPFRuDMVh4cV3RL9Kv7I3lM	17	Burhan	Pir	bpir4744@gmail.com	client
22	2025-07-18 12:50:34.27933+00	2025-07-18 12:50:34.27933+00	\N	user_3034gTHvbpvYicMStOLWVmlO2C9	17	Georgi	Barber	gohiny@fxzig.com	employee
23	2025-07-18 12:52:08.576405+00	2025-07-18 12:52:08.576405+00	\N	user_3034sHQbUTDVpRSKaNZqa51eRCy	17	Fiki	Barber	liliro@cyclelove.cc	employee
9	2025-02-02 17:13:24.428753+00	2025-02-02 17:13:24.428753+00	\N	user_2sUi9bEStN5tyUG4UUeSEKS1XyN	14	First	Class	wisis55461@numerobo.com	client
4	2025-01-27 14:26:53.966563+00	2025-01-27 14:26:53.966563+00	\N	user_2rts9DFG9CH0O5pZwHdc6fxmSFZ	\N	Kamen	Kanev	kamenkanev88@gmail.com	admin
13	2025-02-24 14:35:00.72603+00	2025-02-24 14:35:00.72603+00	\N	user_2tUXbqc6h5qITtnyIH7zmcaMmSA	\N	Mityo	Draganov	cdhlv6vo9z@ibolinva.com	admin
12	2025-02-24 14:09:31.962773+00	2025-02-24 17:42:35.140546+00	\N	user_2tUUOmSVwJdSZU9LYXLXGf8lIKY	\N	employee test	tete	o6cml4l8fm@dygovil.com	employee
11	2025-02-24 09:56:30.070711+00	2025-02-24 17:46:12.976722+00	\N	user_2tTzjlSNVFDhevhK4dYrdDcYEoK	\N	Kamen	Kanev	9n9tcl5u5t@vafyxh.com	employee
18	2025-02-25 21:16:46.885111+00	2025-02-25 21:16:46.885111+00	\N	user_2tY9alk4GjvCcz7nQghouXfjafo	\N	Georgi	Zhelev	gjelev99@gmail.com	admin
21	2025-07-18 12:46:14.694491+00	2025-10-01 09:24:16.186194+00	\N	user_30349wC9SD177MnU3YJKRJpCgOR	\N	Ibo	Barber	fixubolo@forexzig.com	employee
16	2025-02-24 22:13:50.268667+00	2025-04-26 18:05:05.876485+00	\N	user_2tVRPFL50XQssa9Xsg29VIkjNng	\N	Martin	Parushev	martovarna31@gmail.com	employee
19	2025-07-09 18:35:19.230326+00	2025-07-09 18:40:54.021433+00	\N	user_2zeKV4MCRRKrZlInus0qIul7Lan	\N	Mityo	Draganov	gffsfku30c@zudpck.com	employee
20	2025-07-09 18:47:03.488644+00	2025-07-13 20:04:33.340625+00	\N	user_2zeLvTc2nqDKNkyRaFjrbiQ8bhz	\N	test	test	jeduwe@fxzig.com	employee
24	2025-07-19 21:10:24.757369+00	2025-07-19 21:10:24.757369+00	\N	user_306sayADKFlC0iGG44hHZUoy18c	\N	Nikolay	Vasilev	nikolayvasilev330td@gmail.com	admin
17	2025-02-25 08:25:18.311+00	2025-07-21 10:58:51.427857+00	\N	user_2tWdlqKbDsmCiMzX59uu6xpiygT	\N	Ershat	Donat	er6ateqk7@gmail.com	employee
\.


--
-- Data for Name: working_hours; Type: TABLE DATA; Schema: public; Owner: User
--

COPY public.working_hours (id, created_at, updated_at, deleted_at, organization_id, day_of_week, opening_hour, closing_hour) FROM stdin;
1	2025-02-02 17:02:54.644285+00	2025-02-02 17:02:54.644285+00	\N	13	0		
2	2025-02-02 17:02:54.644285+00	2025-02-02 17:02:54.644285+00	\N	13	1	09:00	17:00
3	2025-02-02 17:02:54.644285+00	2025-02-02 17:02:54.644285+00	\N	13	2	09:00	17:00
4	2025-02-02 17:02:54.644285+00	2025-02-02 17:02:54.644285+00	\N	13	3	09:00	17:00
5	2025-02-02 17:02:54.644285+00	2025-02-02 17:02:54.644285+00	\N	13	4	09:00	17:00
6	2025-02-02 17:02:54.644285+00	2025-02-02 17:02:54.644285+00	\N	13	5	09:00	17:00
7	2025-02-02 17:02:54.644285+00	2025-02-02 17:02:54.644285+00	\N	13	6	09:00	17:00
167	2025-07-25 08:22:09.765038+00	2025-07-25 08:22:09.765038+00	\N	18	0	06:00	14:00
168	2025-07-25 08:22:09.765038+00	2025-07-25 08:22:09.765038+00	\N	18	1	06:00	14:00
169	2025-07-25 08:22:09.765038+00	2025-07-25 08:22:09.765038+00	\N	18	2		
170	2025-07-25 08:22:09.765038+00	2025-07-25 08:22:09.765038+00	\N	18	3		
171	2025-07-25 08:22:09.765038+00	2025-07-25 08:22:09.765038+00	\N	18	4		
172	2025-07-25 08:22:09.765038+00	2025-07-25 08:22:09.765038+00	\N	18	5		
173	2025-07-25 08:22:09.765038+00	2025-07-25 08:22:09.765038+00	\N	18	6		
77	2025-04-09 10:19:31.916993+00	2025-04-09 10:19:31.916993+00	2025-04-09 10:19:32.391504+00	17	0	07:00	17:00
35	2025-02-02 20:29:05.785181+00	2025-02-02 20:29:05.785181+00	2025-02-02 20:29:18.323919+00	14	1	11:30	17:00
36	2025-02-02 20:29:05.785181+00	2025-02-02 20:29:05.785181+00	2025-02-02 20:29:18.323919+00	14	2	09:00	17:00
8	2025-02-02 17:02:58.148009+00	2025-02-02 17:02:58.148009+00	2025-02-02 17:23:30.029216+00	14	0		
9	2025-02-02 17:02:58.148009+00	2025-02-02 17:02:58.148009+00	2025-02-02 17:23:30.029216+00	14	1	09:00	17:00
10	2025-02-02 17:02:58.148009+00	2025-02-02 17:02:58.148009+00	2025-02-02 17:23:30.029216+00	14	2	09:00	17:00
11	2025-02-02 17:02:58.148009+00	2025-02-02 17:02:58.148009+00	2025-02-02 17:23:30.029216+00	14	3	09:00	17:00
12	2025-02-02 17:02:58.148009+00	2025-02-02 17:02:58.148009+00	2025-02-02 17:23:30.029216+00	14	4	09:00	17:00
13	2025-02-02 17:02:58.148009+00	2025-02-02 17:02:58.148009+00	2025-02-02 17:23:30.029216+00	14	5	09:00	17:00
14	2025-02-02 17:02:58.148009+00	2025-02-02 17:02:58.148009+00	2025-02-02 17:23:30.029216+00	14	6		
37	2025-02-02 20:29:05.785181+00	2025-02-02 20:29:05.785181+00	2025-02-02 20:29:18.323919+00	14	3	09:00	17:00
38	2025-02-02 20:29:05.785181+00	2025-02-02 20:29:05.785181+00	2025-02-02 20:29:18.323919+00	14	4	09:00	17:00
39	2025-02-02 20:29:05.785181+00	2025-02-02 20:29:05.785181+00	2025-02-02 20:29:18.323919+00	14	5	09:00	17:00
15	2025-02-02 17:23:30.0307+00	2025-02-02 17:23:30.0307+00	2025-02-02 20:24:02.541432+00	14	1	09:00	17:00
16	2025-02-02 17:23:30.0307+00	2025-02-02 17:23:30.0307+00	2025-02-02 20:24:02.541432+00	14	2	09:00	17:00
17	2025-02-02 17:23:30.0307+00	2025-02-02 17:23:30.0307+00	2025-02-02 20:24:02.541432+00	14	3	09:00	17:00
18	2025-02-02 17:23:30.0307+00	2025-02-02 17:23:30.0307+00	2025-02-02 20:24:02.541432+00	14	4	09:00	17:00
19	2025-02-02 17:23:30.0307+00	2025-02-02 17:23:30.0307+00	2025-02-02 20:24:02.541432+00	14	5	09:00	17:00
78	2025-04-09 10:19:31.916993+00	2025-04-09 10:19:31.916993+00	2025-04-09 10:19:32.391504+00	17	2	07:00	17:00
71	2025-04-09 10:19:30.31188+00	2025-04-09 10:19:30.31188+00	2025-04-09 10:19:31.915898+00	17	0	07:00	17:00
20	2025-02-02 20:24:02.543022+00	2025-02-02 20:24:02.543022+00	2025-02-02 20:27:34.335578+00	14	1	10:00	17:00
21	2025-02-02 20:24:02.543022+00	2025-02-02 20:24:02.543022+00	2025-02-02 20:27:34.335578+00	14	2	09:00	17:00
22	2025-02-02 20:24:02.543022+00	2025-02-02 20:24:02.543022+00	2025-02-02 20:27:34.335578+00	14	3	09:00	17:00
23	2025-02-02 20:24:02.543022+00	2025-02-02 20:24:02.543022+00	2025-02-02 20:27:34.335578+00	14	4	09:00	17:00
24	2025-02-02 20:24:02.543022+00	2025-02-02 20:24:02.543022+00	2025-02-02 20:27:34.335578+00	14	5	09:00	17:00
64	2025-02-24 09:24:19.485379+00	2025-02-24 09:24:19.485379+00	2025-04-09 10:19:30.309597+00	17	0	08:00	18:00
65	2025-02-24 09:24:19.485379+00	2025-02-24 09:24:19.485379+00	2025-04-09 10:19:30.309597+00	17	1		
66	2025-02-24 09:24:19.485379+00	2025-02-24 09:24:19.485379+00	2025-04-09 10:19:30.309597+00	17	2	08:00	18:00
40	2025-02-02 20:29:18.324498+00	2025-02-02 20:29:18.324498+00	2025-02-02 21:44:37.641065+00	14	1	12:00	17:00
41	2025-02-02 20:29:18.324498+00	2025-02-02 20:29:18.324498+00	2025-02-02 21:44:37.641065+00	14	2	09:00	17:00
25	2025-02-02 20:27:34.336229+00	2025-02-02 20:27:34.336229+00	2025-02-02 20:28:57.738859+00	14	1	10:30	17:00
26	2025-02-02 20:27:34.336229+00	2025-02-02 20:27:34.336229+00	2025-02-02 20:28:57.738859+00	14	2	09:00	17:00
27	2025-02-02 20:27:34.336229+00	2025-02-02 20:27:34.336229+00	2025-02-02 20:28:57.738859+00	14	3	09:00	17:00
28	2025-02-02 20:27:34.336229+00	2025-02-02 20:27:34.336229+00	2025-02-02 20:28:57.738859+00	14	4	09:00	17:00
29	2025-02-02 20:27:34.336229+00	2025-02-02 20:27:34.336229+00	2025-02-02 20:28:57.738859+00	14	5	09:00	17:00
42	2025-02-02 20:29:18.324498+00	2025-02-02 20:29:18.324498+00	2025-02-02 21:44:37.641065+00	14	3	09:00	17:00
43	2025-02-02 20:29:18.324498+00	2025-02-02 20:29:18.324498+00	2025-02-02 21:44:37.641065+00	14	4	09:00	17:00
44	2025-02-02 20:29:18.324498+00	2025-02-02 20:29:18.324498+00	2025-02-02 21:44:37.641065+00	14	5	09:00	17:00
45	2025-02-02 21:44:37.643388+00	2025-02-02 21:44:37.643388+00	\N	14	1	14:00	17:00
46	2025-02-02 21:44:37.643388+00	2025-02-02 21:44:37.643388+00	\N	14	2	09:00	17:00
30	2025-02-02 20:28:57.739678+00	2025-02-02 20:28:57.739678+00	2025-02-02 20:29:05.783991+00	14	1	11:00	17:00
31	2025-02-02 20:28:57.739678+00	2025-02-02 20:28:57.739678+00	2025-02-02 20:29:05.783991+00	14	2	09:00	17:00
32	2025-02-02 20:28:57.739678+00	2025-02-02 20:28:57.739678+00	2025-02-02 20:29:05.783991+00	14	3	09:00	17:00
33	2025-02-02 20:28:57.739678+00	2025-02-02 20:28:57.739678+00	2025-02-02 20:29:05.783991+00	14	4	09:00	17:00
34	2025-02-02 20:28:57.739678+00	2025-02-02 20:28:57.739678+00	2025-02-02 20:29:05.783991+00	14	5	09:00	17:00
47	2025-02-02 21:44:37.643388+00	2025-02-02 21:44:37.643388+00	\N	14	3	09:00	17:00
48	2025-02-02 21:44:37.643388+00	2025-02-02 21:44:37.643388+00	\N	14	4	09:00	17:00
49	2025-02-02 21:44:37.643388+00	2025-02-02 21:44:37.643388+00	\N	14	5	09:00	17:00
50	2025-02-03 16:36:41.213542+00	2025-02-03 16:36:41.213542+00	\N	15	0		
51	2025-02-03 16:36:41.213542+00	2025-02-03 16:36:41.213542+00	\N	15	1		
52	2025-02-03 16:36:41.213542+00	2025-02-03 16:36:41.213542+00	\N	15	2		
53	2025-02-03 16:36:41.213542+00	2025-02-03 16:36:41.213542+00	\N	15	3		
54	2025-02-03 16:36:41.213542+00	2025-02-03 16:36:41.213542+00	\N	15	4		
55	2025-02-03 16:36:41.213542+00	2025-02-03 16:36:41.213542+00	\N	15	5		
56	2025-02-03 16:36:41.213542+00	2025-02-03 16:36:41.213542+00	\N	15	6	07:00	15:00
57	2025-02-03 16:37:01.480204+00	2025-02-03 16:37:01.480204+00	\N	16	0		
58	2025-02-03 16:37:01.480204+00	2025-02-03 16:37:01.480204+00	\N	16	1		
59	2025-02-03 16:37:01.480204+00	2025-02-03 16:37:01.480204+00	\N	16	2		
60	2025-02-03 16:37:01.480204+00	2025-02-03 16:37:01.480204+00	\N	16	3		
61	2025-02-03 16:37:01.480204+00	2025-02-03 16:37:01.480204+00	\N	16	4		
62	2025-02-03 16:37:01.480204+00	2025-02-03 16:37:01.480204+00	\N	16	5		
63	2025-02-03 16:37:01.480204+00	2025-02-03 16:37:01.480204+00	\N	16	6		
67	2025-02-24 09:24:19.485379+00	2025-02-24 09:24:19.485379+00	2025-04-09 10:19:30.309597+00	17	3	08:00	18:00
68	2025-02-24 09:24:19.485379+00	2025-02-24 09:24:19.485379+00	2025-04-09 10:19:30.309597+00	17	4	08:00	18:00
69	2025-02-24 09:24:19.485379+00	2025-02-24 09:24:19.485379+00	2025-04-09 10:19:30.309597+00	17	5	08:00	18:00
70	2025-02-24 09:24:19.485379+00	2025-02-24 09:24:19.485379+00	2025-04-09 10:19:30.309597+00	17	6	08:00	18:00
72	2025-04-09 10:19:30.31188+00	2025-04-09 10:19:30.31188+00	2025-04-09 10:19:31.915898+00	17	2	07:00	17:00
73	2025-04-09 10:19:30.31188+00	2025-04-09 10:19:30.31188+00	2025-04-09 10:19:31.915898+00	17	3	07:00	17:00
74	2025-04-09 10:19:30.31188+00	2025-04-09 10:19:30.31188+00	2025-04-09 10:19:31.915898+00	17	4	07:00	17:00
75	2025-04-09 10:19:30.31188+00	2025-04-09 10:19:30.31188+00	2025-04-09 10:19:31.915898+00	17	5	07:00	17:00
76	2025-04-09 10:19:30.31188+00	2025-04-09 10:19:30.31188+00	2025-04-09 10:19:31.915898+00	17	6	07:00	17:00
79	2025-04-09 10:19:31.916993+00	2025-04-09 10:19:31.916993+00	2025-04-09 10:19:32.391504+00	17	3	07:00	17:00
80	2025-04-09 10:19:31.916993+00	2025-04-09 10:19:31.916993+00	2025-04-09 10:19:32.391504+00	17	4	07:00	17:00
107	2025-04-09 10:19:35.445686+00	2025-04-09 10:19:35.445686+00	2025-04-09 10:19:36.108019+00	17	0	07:00	17:00
108	2025-04-09 10:19:35.445686+00	2025-04-09 10:19:35.445686+00	2025-04-09 10:19:36.108019+00	17	2	07:00	17:00
81	2025-04-09 10:19:31.916993+00	2025-04-09 10:19:31.916993+00	2025-04-09 10:19:32.391504+00	17	5	07:00	17:00
82	2025-04-09 10:19:31.916993+00	2025-04-09 10:19:31.916993+00	2025-04-09 10:19:32.391504+00	17	6	07:00	17:00
109	2025-04-09 10:19:35.445686+00	2025-04-09 10:19:35.445686+00	2025-04-09 10:19:36.108019+00	17	3	07:00	17:00
110	2025-04-09 10:19:35.445686+00	2025-04-09 10:19:35.445686+00	2025-04-09 10:19:36.108019+00	17	4	07:00	17:00
111	2025-04-09 10:19:35.445686+00	2025-04-09 10:19:35.445686+00	2025-04-09 10:19:36.108019+00	17	5	07:00	17:00
112	2025-04-09 10:19:35.445686+00	2025-04-09 10:19:35.445686+00	2025-04-09 10:19:36.108019+00	17	6	07:00	17:00
83	2025-04-09 10:19:32.392314+00	2025-04-09 10:19:32.392314+00	2025-04-09 10:19:34.710614+00	17	0	07:00	17:00
84	2025-04-09 10:19:32.392314+00	2025-04-09 10:19:32.392314+00	2025-04-09 10:19:34.710614+00	17	2	07:00	17:00
85	2025-04-09 10:19:32.392314+00	2025-04-09 10:19:32.392314+00	2025-04-09 10:19:34.710614+00	17	3	07:00	17:00
86	2025-04-09 10:19:32.392314+00	2025-04-09 10:19:32.392314+00	2025-04-09 10:19:34.710614+00	17	4	07:00	17:00
87	2025-04-09 10:19:32.392314+00	2025-04-09 10:19:32.392314+00	2025-04-09 10:19:34.710614+00	17	5	07:00	17:00
88	2025-04-09 10:19:32.392314+00	2025-04-09 10:19:32.392314+00	2025-04-09 10:19:34.710614+00	17	6	07:00	17:00
89	2025-04-09 10:19:34.711275+00	2025-04-09 10:19:34.711275+00	2025-04-09 10:19:35.088146+00	17	0	07:00	17:00
90	2025-04-09 10:19:34.711275+00	2025-04-09 10:19:34.711275+00	2025-04-09 10:19:35.088146+00	17	2	07:00	17:00
91	2025-04-09 10:19:34.711275+00	2025-04-09 10:19:34.711275+00	2025-04-09 10:19:35.088146+00	17	3	07:00	17:00
92	2025-04-09 10:19:34.711275+00	2025-04-09 10:19:34.711275+00	2025-04-09 10:19:35.088146+00	17	4	07:00	17:00
93	2025-04-09 10:19:34.711275+00	2025-04-09 10:19:34.711275+00	2025-04-09 10:19:35.088146+00	17	5	07:00	17:00
94	2025-04-09 10:19:34.711275+00	2025-04-09 10:19:34.711275+00	2025-04-09 10:19:35.088146+00	17	6	07:00	17:00
113	2025-04-09 10:19:36.108695+00	2025-04-09 10:19:36.108695+00	2025-04-09 10:19:36.360486+00	17	0	07:00	17:00
114	2025-04-09 10:19:36.108695+00	2025-04-09 10:19:36.108695+00	2025-04-09 10:19:36.360486+00	17	2	07:00	17:00
95	2025-04-09 10:19:35.08899+00	2025-04-09 10:19:35.08899+00	2025-04-09 10:19:35.122246+00	17	0	07:00	17:00
96	2025-04-09 10:19:35.08899+00	2025-04-09 10:19:35.08899+00	2025-04-09 10:19:35.122246+00	17	2	07:00	17:00
97	2025-04-09 10:19:35.08899+00	2025-04-09 10:19:35.08899+00	2025-04-09 10:19:35.122246+00	17	3	07:00	17:00
98	2025-04-09 10:19:35.08899+00	2025-04-09 10:19:35.08899+00	2025-04-09 10:19:35.122246+00	17	4	07:00	17:00
99	2025-04-09 10:19:35.08899+00	2025-04-09 10:19:35.08899+00	2025-04-09 10:19:35.122246+00	17	5	07:00	17:00
100	2025-04-09 10:19:35.08899+00	2025-04-09 10:19:35.08899+00	2025-04-09 10:19:35.122246+00	17	6	07:00	17:00
115	2025-04-09 10:19:36.108695+00	2025-04-09 10:19:36.108695+00	2025-04-09 10:19:36.360486+00	17	3	07:00	17:00
116	2025-04-09 10:19:36.108695+00	2025-04-09 10:19:36.108695+00	2025-04-09 10:19:36.360486+00	17	4	07:00	17:00
117	2025-04-09 10:19:36.108695+00	2025-04-09 10:19:36.108695+00	2025-04-09 10:19:36.360486+00	17	5	07:00	17:00
118	2025-04-09 10:19:36.108695+00	2025-04-09 10:19:36.108695+00	2025-04-09 10:19:36.360486+00	17	6	07:00	17:00
101	2025-04-09 10:19:35.123096+00	2025-04-09 10:19:35.123096+00	2025-04-09 10:19:35.444764+00	17	0	07:00	17:00
102	2025-04-09 10:19:35.123096+00	2025-04-09 10:19:35.123096+00	2025-04-09 10:19:35.444764+00	17	2	07:00	17:00
103	2025-04-09 10:19:35.123096+00	2025-04-09 10:19:35.123096+00	2025-04-09 10:19:35.444764+00	17	3	07:00	17:00
104	2025-04-09 10:19:35.123096+00	2025-04-09 10:19:35.123096+00	2025-04-09 10:19:35.444764+00	17	4	07:00	17:00
105	2025-04-09 10:19:35.123096+00	2025-04-09 10:19:35.123096+00	2025-04-09 10:19:35.444764+00	17	5	07:00	17:00
106	2025-04-09 10:19:35.123096+00	2025-04-09 10:19:35.123096+00	2025-04-09 10:19:35.444764+00	17	6	07:00	17:00
125	2025-04-09 10:19:36.444167+00	2025-04-09 10:19:36.444167+00	2025-04-09 10:19:36.589951+00	17	0	07:00	17:00
126	2025-04-09 10:19:36.444167+00	2025-04-09 10:19:36.444167+00	2025-04-09 10:19:36.589951+00	17	2	07:00	17:00
127	2025-04-09 10:19:36.444167+00	2025-04-09 10:19:36.444167+00	2025-04-09 10:19:36.589951+00	17	3	07:00	17:00
128	2025-04-09 10:19:36.444167+00	2025-04-09 10:19:36.444167+00	2025-04-09 10:19:36.589951+00	17	4	07:00	17:00
129	2025-04-09 10:19:36.444167+00	2025-04-09 10:19:36.444167+00	2025-04-09 10:19:36.589951+00	17	5	07:00	17:00
130	2025-04-09 10:19:36.444167+00	2025-04-09 10:19:36.444167+00	2025-04-09 10:19:36.589951+00	17	6	07:00	17:00
119	2025-04-09 10:19:36.360992+00	2025-04-09 10:19:36.360992+00	2025-04-09 10:19:36.443644+00	17	0	07:00	17:00
120	2025-04-09 10:19:36.360992+00	2025-04-09 10:19:36.360992+00	2025-04-09 10:19:36.443644+00	17	2	07:00	17:00
121	2025-04-09 10:19:36.360992+00	2025-04-09 10:19:36.360992+00	2025-04-09 10:19:36.443644+00	17	3	07:00	17:00
122	2025-04-09 10:19:36.360992+00	2025-04-09 10:19:36.360992+00	2025-04-09 10:19:36.443644+00	17	4	07:00	17:00
123	2025-04-09 10:19:36.360992+00	2025-04-09 10:19:36.360992+00	2025-04-09 10:19:36.443644+00	17	5	07:00	17:00
124	2025-04-09 10:19:36.360992+00	2025-04-09 10:19:36.360992+00	2025-04-09 10:19:36.443644+00	17	6	07:00	17:00
137	2025-04-09 10:19:36.855292+00	2025-04-09 10:19:36.855292+00	2025-04-09 10:19:43.313906+00	17	0	07:00	17:00
138	2025-04-09 10:19:36.855292+00	2025-04-09 10:19:36.855292+00	2025-04-09 10:19:43.313906+00	17	2	07:00	17:00
139	2025-04-09 10:19:36.855292+00	2025-04-09 10:19:36.855292+00	2025-04-09 10:19:43.313906+00	17	3	07:00	17:00
140	2025-04-09 10:19:36.855292+00	2025-04-09 10:19:36.855292+00	2025-04-09 10:19:43.313906+00	17	4	07:00	17:00
141	2025-04-09 10:19:36.855292+00	2025-04-09 10:19:36.855292+00	2025-04-09 10:19:43.313906+00	17	5	07:00	17:00
142	2025-04-09 10:19:36.855292+00	2025-04-09 10:19:36.855292+00	2025-04-09 10:19:43.313906+00	17	6	07:00	17:00
131	2025-04-09 10:19:36.590587+00	2025-04-09 10:19:36.590587+00	2025-04-09 10:19:36.854444+00	17	0	07:00	17:00
132	2025-04-09 10:19:36.590587+00	2025-04-09 10:19:36.590587+00	2025-04-09 10:19:36.854444+00	17	2	07:00	17:00
133	2025-04-09 10:19:36.590587+00	2025-04-09 10:19:36.590587+00	2025-04-09 10:19:36.854444+00	17	3	07:00	17:00
134	2025-04-09 10:19:36.590587+00	2025-04-09 10:19:36.590587+00	2025-04-09 10:19:36.854444+00	17	4	07:00	17:00
135	2025-04-09 10:19:36.590587+00	2025-04-09 10:19:36.590587+00	2025-04-09 10:19:36.854444+00	17	5	07:00	17:00
136	2025-04-09 10:19:36.590587+00	2025-04-09 10:19:36.590587+00	2025-04-09 10:19:36.854444+00	17	6	07:00	17:00
143	2025-04-09 10:19:43.314507+00	2025-04-09 10:19:43.314507+00	2025-04-09 10:19:47.612275+00	17	0	07:00	17:00
144	2025-04-09 10:19:43.314507+00	2025-04-09 10:19:43.314507+00	2025-04-09 10:19:47.612275+00	17	2	07:00	17:00
145	2025-04-09 10:19:43.314507+00	2025-04-09 10:19:43.314507+00	2025-04-09 10:19:47.612275+00	17	3	07:00	17:00
146	2025-04-09 10:19:43.314507+00	2025-04-09 10:19:43.314507+00	2025-04-09 10:19:47.612275+00	17	4	07:00	17:00
147	2025-04-09 10:19:43.314507+00	2025-04-09 10:19:43.314507+00	2025-04-09 10:19:47.612275+00	17	5	07:00	17:00
148	2025-04-09 10:19:43.314507+00	2025-04-09 10:19:43.314507+00	2025-04-09 10:19:47.612275+00	17	6	07:00	17:00
149	2025-04-09 10:19:47.612979+00	2025-04-09 10:19:47.612979+00	2025-04-09 10:19:47.703346+00	17	0	07:00	17:00
150	2025-04-09 10:19:47.612979+00	2025-04-09 10:19:47.612979+00	2025-04-09 10:19:47.703346+00	17	2	07:00	17:00
151	2025-04-09 10:19:47.612979+00	2025-04-09 10:19:47.612979+00	2025-04-09 10:19:47.703346+00	17	3	07:00	17:00
152	2025-04-09 10:19:47.612979+00	2025-04-09 10:19:47.612979+00	2025-04-09 10:19:47.703346+00	17	4	07:00	17:00
153	2025-04-09 10:19:47.612979+00	2025-04-09 10:19:47.612979+00	2025-04-09 10:19:47.703346+00	17	5	07:00	17:00
154	2025-04-09 10:19:47.612979+00	2025-04-09 10:19:47.612979+00	2025-04-09 10:19:47.703346+00	17	6	07:00	17:00
155	2025-04-09 10:19:47.704048+00	2025-04-09 10:19:47.704048+00	2025-04-09 10:19:47.848622+00	17	0	07:00	17:00
156	2025-04-09 10:19:47.704048+00	2025-04-09 10:19:47.704048+00	2025-04-09 10:19:47.848622+00	17	2	07:00	17:00
157	2025-04-09 10:19:47.704048+00	2025-04-09 10:19:47.704048+00	2025-04-09 10:19:47.848622+00	17	3	07:00	17:00
158	2025-04-09 10:19:47.704048+00	2025-04-09 10:19:47.704048+00	2025-04-09 10:19:47.848622+00	17	4	07:00	17:00
159	2025-04-09 10:19:47.704048+00	2025-04-09 10:19:47.704048+00	2025-04-09 10:19:47.848622+00	17	5	07:00	17:00
160	2025-04-09 10:19:47.704048+00	2025-04-09 10:19:47.704048+00	2025-04-09 10:19:47.848622+00	17	6	07:00	17:00
161	2025-04-09 10:19:47.849195+00	2025-04-09 10:19:47.849195+00	2025-08-07 17:20:36.330676+00	17	0	07:00	17:00
162	2025-04-09 10:19:47.849195+00	2025-04-09 10:19:47.849195+00	2025-08-07 17:20:36.330676+00	17	2	07:00	17:00
163	2025-04-09 10:19:47.849195+00	2025-04-09 10:19:47.849195+00	2025-08-07 17:20:36.330676+00	17	3	07:00	17:00
164	2025-04-09 10:19:47.849195+00	2025-04-09 10:19:47.849195+00	2025-08-07 17:20:36.330676+00	17	4	07:00	17:00
165	2025-04-09 10:19:47.849195+00	2025-04-09 10:19:47.849195+00	2025-08-07 17:20:36.330676+00	17	5	07:00	17:00
166	2025-04-09 10:19:47.849195+00	2025-04-09 10:19:47.849195+00	2025-08-07 17:20:36.330676+00	17	6	07:00	17:00
174	2025-08-07 17:20:36.331857+00	2025-08-07 17:20:36.331857+00	2025-08-07 17:20:40.200457+00	17	0	07:00	17:00
175	2025-08-07 17:20:36.331857+00	2025-08-07 17:20:36.331857+00	2025-08-07 17:20:40.200457+00	17	2	07:00	17:00
176	2025-08-07 17:20:36.331857+00	2025-08-07 17:20:36.331857+00	2025-08-07 17:20:40.200457+00	17	3	07:00	17:00
177	2025-08-07 17:20:36.331857+00	2025-08-07 17:20:36.331857+00	2025-08-07 17:20:40.200457+00	17	4	07:00	18:00
178	2025-08-07 17:20:36.331857+00	2025-08-07 17:20:36.331857+00	2025-08-07 17:20:40.200457+00	17	5	07:00	17:00
179	2025-08-07 17:20:36.331857+00	2025-08-07 17:20:36.331857+00	2025-08-07 17:20:40.200457+00	17	6	07:00	17:00
180	2025-08-07 17:20:40.200956+00	2025-08-07 17:20:40.200956+00	2025-08-07 17:20:45.760135+00	17	0	07:00	17:00
181	2025-08-07 17:20:40.200956+00	2025-08-07 17:20:40.200956+00	2025-08-07 17:20:45.760135+00	17	2	07:00	17:00
182	2025-08-07 17:20:40.200956+00	2025-08-07 17:20:40.200956+00	2025-08-07 17:20:45.760135+00	17	3	07:00	17:00
183	2025-08-07 17:20:40.200956+00	2025-08-07 17:20:40.200956+00	2025-08-07 17:20:45.760135+00	17	4	07:00	18:00
184	2025-08-07 17:20:40.200956+00	2025-08-07 17:20:40.200956+00	2025-08-07 17:20:45.760135+00	17	5	07:00	17:00
185	2025-08-07 17:20:40.200956+00	2025-08-07 17:20:40.200956+00	2025-08-07 17:20:45.760135+00	17	6	07:00	17:00
186	2025-08-07 17:20:45.760713+00	2025-08-07 17:20:45.760713+00	2025-08-07 17:23:36.520636+00	17	0	07:00	17:00
187	2025-08-07 17:20:45.760713+00	2025-08-07 17:20:45.760713+00	2025-08-07 17:23:36.520636+00	17	2	07:00	17:00
188	2025-08-07 17:20:45.760713+00	2025-08-07 17:20:45.760713+00	2025-08-07 17:23:36.520636+00	17	3	07:00	17:00
189	2025-08-07 17:20:45.760713+00	2025-08-07 17:20:45.760713+00	2025-08-07 17:23:36.520636+00	17	4	07:00	18:00
190	2025-08-07 17:20:45.760713+00	2025-08-07 17:20:45.760713+00	2025-08-07 17:23:36.520636+00	17	5	07:00	17:00
191	2025-08-07 17:20:45.760713+00	2025-08-07 17:20:45.760713+00	2025-08-07 17:23:36.520636+00	17	6	07:00	17:00
192	2025-08-07 17:23:36.521313+00	2025-08-07 17:23:36.521313+00	\N	17	0	07:00	17:00
193	2025-08-07 17:23:36.521313+00	2025-08-07 17:23:36.521313+00	\N	17	2	07:00	17:00
194	2025-08-07 17:23:36.521313+00	2025-08-07 17:23:36.521313+00	\N	17	3	07:00	17:00
195	2025-08-07 17:23:36.521313+00	2025-08-07 17:23:36.521313+00	\N	17	4	07:00	17:00
196	2025-08-07 17:23:36.521313+00	2025-08-07 17:23:36.521313+00	\N	17	5	07:00	17:00
197	2025-08-07 17:23:36.521313+00	2025-08-07 17:23:36.521313+00	\N	17	6	07:00	17:00
\.


--
-- Name: appointments_id_seq; Type: SEQUENCE SET; Schema: public; Owner: User
--

SELECT pg_catalog.setval('public.appointments_id_seq', 1395, true);


--
-- Name: calendars_id_seq; Type: SEQUENCE SET; Schema: public; Owner: User
--

SELECT pg_catalog.setval('public.calendars_id_seq', 22, true);


--
-- Name: closing_dates_id_seq; Type: SEQUENCE SET; Schema: public; Owner: User
--

SELECT pg_catalog.setval('public.closing_dates_id_seq', 115, true);


--
-- Name: invites_id_seq; Type: SEQUENCE SET; Schema: public; Owner: User
--

SELECT pg_catalog.setval('public.invites_id_seq', 60, true);


--
-- Name: organizations_id_seq; Type: SEQUENCE SET; Schema: public; Owner: User
--

SELECT pg_catalog.setval('public.organizations_id_seq', 18, true);


--
-- Name: services_id_seq; Type: SEQUENCE SET; Schema: public; Owner: User
--

SELECT pg_catalog.setval('public.services_id_seq', 13, true);


--
-- Name: users_id_seq; Type: SEQUENCE SET; Schema: public; Owner: User
--

SELECT pg_catalog.setval('public.users_id_seq', 24, true);


--
-- Name: working_hours_id_seq; Type: SEQUENCE SET; Schema: public; Owner: User
--

SELECT pg_catalog.setval('public.working_hours_id_seq', 197, true);


--
-- Name: appointments appointments_pkey; Type: CONSTRAINT; Schema: public; Owner: User
--

ALTER TABLE ONLY public.appointments
    ADD CONSTRAINT appointments_pkey PRIMARY KEY (id);


--
-- Name: calendars calendars_pkey; Type: CONSTRAINT; Schema: public; Owner: User
--

ALTER TABLE ONLY public.calendars
    ADD CONSTRAINT calendars_pkey PRIMARY KEY (id);


--
-- Name: closing_dates closing_dates_pkey; Type: CONSTRAINT; Schema: public; Owner: User
--

ALTER TABLE ONLY public.closing_dates
    ADD CONSTRAINT closing_dates_pkey PRIMARY KEY (id);


--
-- Name: invites invites_pkey; Type: CONSTRAINT; Schema: public; Owner: User
--

ALTER TABLE ONLY public.invites
    ADD CONSTRAINT invites_pkey PRIMARY KEY (id);


--
-- Name: organizations organizations_pkey; Type: CONSTRAINT; Schema: public; Owner: User
--

ALTER TABLE ONLY public.organizations
    ADD CONSTRAINT organizations_pkey PRIMARY KEY (id);


--
-- Name: services services_pkey; Type: CONSTRAINT; Schema: public; Owner: User
--

ALTER TABLE ONLY public.services
    ADD CONSTRAINT services_pkey PRIMARY KEY (id);


--
-- Name: invites uni_invites_token; Type: CONSTRAINT; Schema: public; Owner: User
--

ALTER TABLE ONLY public.invites
    ADD CONSTRAINT uni_invites_token UNIQUE (token);


--
-- Name: users uni_users_email; Type: CONSTRAINT; Schema: public; Owner: User
--

ALTER TABLE ONLY public.users
    ADD CONSTRAINT uni_users_email UNIQUE (email);


--
-- Name: users users_pkey; Type: CONSTRAINT; Schema: public; Owner: User
--

ALTER TABLE ONLY public.users
    ADD CONSTRAINT users_pkey PRIMARY KEY (id);


--
-- Name: working_hours working_hours_pkey; Type: CONSTRAINT; Schema: public; Owner: User
--

ALTER TABLE ONLY public.working_hours
    ADD CONSTRAINT working_hours_pkey PRIMARY KEY (id);


--
-- Name: idx_appointments_deleted_at; Type: INDEX; Schema: public; Owner: User
--

CREATE INDEX idx_appointments_deleted_at ON public.appointments USING btree (deleted_at);


--
-- Name: idx_calendars_deleted_at; Type: INDEX; Schema: public; Owner: User
--

CREATE INDEX idx_calendars_deleted_at ON public.calendars USING btree (deleted_at);


--
-- Name: idx_closing_dates_deleted_at; Type: INDEX; Schema: public; Owner: User
--

CREATE INDEX idx_closing_dates_deleted_at ON public.closing_dates USING btree (deleted_at);


--
-- Name: idx_invites_deleted_at; Type: INDEX; Schema: public; Owner: User
--

CREATE INDEX idx_invites_deleted_at ON public.invites USING btree (deleted_at);


--
-- Name: idx_organizations_deleted_at; Type: INDEX; Schema: public; Owner: User
--

CREATE INDEX idx_organizations_deleted_at ON public.organizations USING btree (deleted_at);


--
-- Name: idx_services_deleted_at; Type: INDEX; Schema: public; Owner: User
--

CREATE INDEX idx_services_deleted_at ON public.services USING btree (deleted_at);


--
-- Name: idx_users_deleted_at; Type: INDEX; Schema: public; Owner: User
--

CREATE INDEX idx_users_deleted_at ON public.users USING btree (deleted_at);


--
-- Name: idx_working_hours_deleted_at; Type: INDEX; Schema: public; Owner: User
--

CREATE INDEX idx_working_hours_deleted_at ON public.working_hours USING btree (deleted_at);


--
-- Name: appointments fk_calendars_appointments; Type: FK CONSTRAINT; Schema: public; Owner: User
--

ALTER TABLE ONLY public.appointments
    ADD CONSTRAINT fk_calendars_appointments FOREIGN KEY (calendar_id) REFERENCES public.calendars(id);


--
-- Name: services fk_organizations_services; Type: FK CONSTRAINT; Schema: public; Owner: User
--

ALTER TABLE ONLY public.services
    ADD CONSTRAINT fk_organizations_services FOREIGN KEY (organization_id) REFERENCES public.organizations(id);


--
-- Name: users fk_organizations_users; Type: FK CONSTRAINT; Schema: public; Owner: User
--

ALTER TABLE ONLY public.users
    ADD CONSTRAINT fk_organizations_users FOREIGN KEY (organization_id) REFERENCES public.organizations(id);


--
-- Name: working_hours fk_organizations_working_hours; Type: FK CONSTRAINT; Schema: public; Owner: User
--

ALTER TABLE ONLY public.working_hours
    ADD CONSTRAINT fk_organizations_working_hours FOREIGN KEY (organization_id) REFERENCES public.organizations(id);


--
-- Name: calendars fk_users_calendar; Type: FK CONSTRAINT; Schema: public; Owner: User
--

ALTER TABLE ONLY public.calendars
    ADD CONSTRAINT fk_users_calendar FOREIGN KEY (user_id) REFERENCES public.users(id);


--
-- Name: SCHEMA public; Type: ACL; Schema: -; Owner: pg_database_owner
--

GRANT ALL ON SCHEMA public TO "User";


--
-- Name: DEFAULT PRIVILEGES FOR SEQUENCES; Type: DEFAULT ACL; Schema: public; Owner: postgres
--

ALTER DEFAULT PRIVILEGES FOR ROLE postgres IN SCHEMA public GRANT ALL ON SEQUENCES TO "User";


--
-- Name: DEFAULT PRIVILEGES FOR FUNCTIONS; Type: DEFAULT ACL; Schema: public; Owner: postgres
--

ALTER DEFAULT PRIVILEGES FOR ROLE postgres IN SCHEMA public GRANT ALL ON FUNCTIONS TO "User";


--
-- Name: DEFAULT PRIVILEGES FOR TABLES; Type: DEFAULT ACL; Schema: public; Owner: postgres
--

ALTER DEFAULT PRIVILEGES FOR ROLE postgres IN SCHEMA public GRANT ALL ON TABLES TO "User";


--
-- PostgreSQL database dump complete
--

\unrestrict UbGISaUySIZUeTgCRJreG1AEdX1GtgDvbAcRvekrBZEhLK6CibGIEKkjjQN5qLr

